DepthFromTrenton_ft,TOC,Mg,Al,Si,S,K,Ca,Ti,V,Mn,Fe,Ni,Cu,Zn,Rb,Sr,Zr,Nb,Ba,Hg,Th,
68.57,,14778.62,38775.3,84490.94,6000.82,17851.46,328756.78,963.17,,371.24,5710.92,114.69,20.95,37.09,37.51,1967.16,38.16,3.64,451.83,6.65,5.43,
68.37,,15892.58,37426.64,87213.73,33399.54,10151.93,299673.88,1101.38,51.76,244.51,6456.29,70.92,14.03,21.7,41.01,1860.49,48.56,4.41,160.92,12.28,3.31,
68.18,,16304.89,39376.35,89821.02,4893.12,10248.18,314850.81,986.49,,371.54,6033.96,113.25,29.54,27.18,37.24,1979.08,46.82,3.49,490.51,6.28,2.99,
67.98,,20246.72,34769.16,86385.25,4702.29,15793.76,320050.69,1036.59,54.23,399.02,5911.23,105.51,21.49,35.81,32.34,2034.9,39.54,4.76,451.94,7.3,4.04,
67.78,,19262.95,38052.59,93628.03,4248.17,16968.32,319377.31,1155.78,,373.16,5438.5,113.63,22.63,27.14,34.41,2023.09,47.33,4.93,523.1,,3.62,
67.59,,17515.17,61063.39,132301.69,4623.23,15543.59,261380.78,1478.4,56.94,286.88,6098.89,111.05,27.67,33.31,60.19,1597.63,53.83,6.04,397.06,6.64,5.68,
67.39,,18499.84,31439.63,78522.87,3873.82,7407.52,340628.13,851.41,,365.05,4725.47,114.91,21.78,23.75,27.19,2111.05,32.21,3.99,443.68,10.93,3,
67.19,,15355.5,32820.03,77996.45,3678.93,14492.54,341017.66,926.23,,332.26,4569.42,122.16,14.94,17.61,29.25,2089.66,34.53,3.57,408.24,8.55,3.52,
66.99,2.2946,16192.99,34142.75,87047.03,3606.55,16680.56,324282.94,1113.07,,341.36,5078.79,85.31,18.06,24.23,35.49,2049.77,42.66,5.31,459.76,7,4.06,
66.80,,13385.5,31977.1,86663.61,10623,14829.59,306250.5,940.14,85.46,339.16,5873.72,107.88,21.81,26.45,34.04,1989.97,42.57,3.39,496,7.51,4.39,
66.60,,17831.64,33811.04,86194.91,9874.44,15989.9,314462.56,1055.56,,370.85,6142.48,109.23,23.77,25.56,33.49,2130.77,42.91,4.68,473.64,8.47,3.24,
66.40,,15770.65,30263.06,75142.45,8352.5,13051.7,334981,882.96,,325.86,10387.39,110.76,28.66,32.53,26.11,2192.17,42.45,3.33,324.58,6.91,1.75,
66.21,,15112.66,27663.44,66767.98,3699.79,12899.48,355939.41,847.85,,279.68,4726.82,65.58,,17.75,24.46,2272.1,29.45,4.06,227.81,7.23,2.65,
66.01,,19973.63,30177.71,83322.7,4506.98,12668.74,323181.34,933.01,,358.59,6275.71,111.9,19.42,33.71,25.29,2206.75,34.37,3.24,387.32,9.09,3.58,
65.81,,16299.67,23788.27,67312.49,3160.11,5298.47,357308.13,775.87,,347.16,4229.71,103.21,18.64,19.73,21.09,2505.06,29.88,3.04,319.74,,1.71,
65.62,,18291.64,32905.39,90794.89,4778.93,14253.26,302311.06,957.85,,384.21,7274.68,106.49,24.61,32.78,31.7,2004.65,42.49,3.92,454.51,,3.62,
65.42,,17800.21,28377.88,70677.19,3049.32,12103.1,353294.88,777.23,,381.08,4339.94,108.52,19.71,25.63,24.28,2343.09,34.89,3.62,462.45,9.37,,
65.22,,18186.8,34900.92,80691.53,4366.81,14974.23,344066.5,982.42,,357.29,5419.36,99.18,21.45,35.79,28.59,2270.3,38.25,3.71,310.88,8.99,2.6,
65.03,1.1837,16765.2,31057.01,71938.25,3775.85,13958.51,343515.84,854.71,,342.25,5152.56,115.06,,32.5,27.47,2315.24,38.02,3.28,427.75,,,
64.83,,16224.23,41165.74,89225.44,3335.12,10546.93,325450.53,1066.89,69.93,385.25,4947.32,117.46,19.12,20.54,42.45,2026.24,43.09,4.8,459.23,,6.9,
64.63,,17508.04,34406.68,81860.66,3539.86,14730.44,335272.72,846.54,,359.88,5133.21,125.55,19.53,35.71,30.1,2310.98,37.81,3.46,444.1,,4.1,
64.44,,20481.32,32165.11,82155.17,6164.71,7157.68,331424.25,924.69,,408.78,6911.51,136.67,18.98,26.45,24.99,2387.69,45.16,3.32,463.99,8.41,3.19,
64.24,,15715.58,30658.59,74982.16,4367.74,13308.54,341729.09,887.84,,389.01,5801.76,100.96,16.26,25.87,28.28,2453.13,31.34,3.24,461.68,,,
64.04,,20563.34,42622.18,93785.03,4591.06,10231,315417.88,1031.61,,351.92,5761.19,121.46,25.65,31.43,39.48,1968.05,41.64,4.39,425.78,6.17,3.19,
63.85,,20108.63,43418.77,96121.48,6224.43,10499.82,315739.16,1116.09,,341.18,7263.92,131.46,21.29,38.69,41.71,2044.54,51.8,3.83,436.44,,4.74,
63.65,,19136.99,35536.36,83818.97,4015.91,15568.4,326913,1003.63,,407.74,5855.84,122.46,17.21,26.26,33.35,2109.88,40.8,4.06,471.38,9.2,2.93,
63.45,,19370.63,34384.61,84148.94,3818.65,15455.95,331113.66,909.54,,365.05,5671.87,126.19,17.14,26.16,31.32,2104.67,43.51,3.58,436.96,9.27,3.35,
63.25,,17454.99,24655.21,63551.3,3895.87,5769.6,358874.5,733.86,,390.48,5071.15,141.58,16.51,34.59,21.09,2237.28,25.5,3.81,472.1,7.8,1.45,
63.06,1.6521,17398.9,35681.95,85402.63,4317.15,15742.09,323488,948.74,,371.19,5606.59,122.88,28.03,22.14,31.34,1924.63,40.38,3.57,488.94,,2.64,
62.86,,17359.02,43097.64,91281.14,4023.03,10966.71,319586.66,1113,,315.31,5846.3,89.05,14.61,24.86,45.84,1834.19,43.52,5.09,405.88,,2.96,
62.66,,15261.55,30121.71,74931.98,7480.5,14685.98,322908.28,801.06,,339.86,5496.65,95.99,20.56,27.18,32.34,1979.83,37.43,4.1,481.68,7.85,4.16,
62.47,,18988.78,42881.52,98116.83,4318.61,11569.15,303754.97,1218,56.5,326.71,6101.76,113.81,14.89,27.6,47.37,1791.28,44.86,4.58,369.85,8.19,3.49,
62.27,,18495.69,37348.34,86087.57,3721.46,16889.95,330028.31,931.88,,328.3,5475.92,91.77,16.11,24.96,34.31,2003.47,34.61,3.41,378.94,10.14,5.23,
62.07,,20098.31,39986.49,96217.16,3504.43,10174.64,313711.91,1066.12,58.77,354.95,5405.14,109.67,15.1,20.85,40.6,1813.57,45,4.61,370.48,,4.84,
61.88,,16091.99,30084.51,82814.13,4330.39,13320.25,313952,893.38,,313.21,6170.11,77.75,,20.28,31.99,1898.11,43.14,4.02,319.8,,2.75,
61.68,,21239.02,45128.49,101225.45,5221.26,10539.98,308987.44,1206.87,54.98,341.18,6886.08,99.88,14.73,63.09,42.55,1820.25,46.34,3.36,358.67,9.42,3.24,
61.48,,22373.86,48572.35,104207.09,4042.33,12079.92,301703.25,1286.26,47.44,341.84,6291.16,109.51,19.26,33.24,50.29,1794.49,48.83,4.46,440.92,,4.37,
61.29,,18194.27,47791.03,105739.66,4115.31,12781.5,297719.97,1339.77,,378.35,6163.46,116.32,20.42,25.87,54.43,1720.48,48.37,4.11,454.62,,4.74,
61.09,1.8117,19756.63,48951.36,119116.61,3973.25,13353.62,272491.38,1352.92,55.73,295.09,6758.16,98.97,18.87,30.43,53.24,1652.58,65.09,4.72,315.55,5.62,4.9,
60.89,,16832.56,46946.13,105626.5,4195.5,12493.79,294645.31,1261.3,67.36,392.7,6118.73,119.42,25.53,30.45,49.57,1778.67,47.32,4.67,532.41,7.22,5.16,
60.70,,17078.45,47829.16,114027.95,33724.36,14444.28,250368.59,1505.65,111.68,287.91,6937.52,94.02,17.53,44.99,62.99,1748.21,63.94,5.02,392.4,,4.68,
60.50,,21100.47,50189.36,117110.36,5184.21,12778.67,282767.47,1449.02,72.79,311.37,10178.02,70.64,15.29,27.93,52.13,1881.32,58.02,6.2,237.9,6.36,5.12,
60.30,,17580.64,45867.02,109578.35,5186.07,12304.12,282270.41,1255.82,68.05,436.58,7575.09,111.44,15.63,48.09,40.03,1911.28,72.4,4.54,485.74,6.98,3.69,
60.11,,21137.01,50967.68,117653.75,4216.89,13297.1,277300.59,1346.54,50.35,368.02,6932.02,113.55,22.5,30.66,57.4,1703.44,56.81,5.85,490.82,,5.59,
59.91,,25920.97,60571.89,130481.23,6132.84,15167.43,255706.41,1684.05,77.76,373.05,12060.85,112.42,20.72,59.04,61.58,1620.68,67.23,5.26,397.02,8.24,4.91,
59.71,,23114.46,46329.18,110251.16,4844.21,11615.83,285027.03,1211.11,47.68,348.69,7273.11,118.15,17.35,38.69,45.08,1692.67,59.37,4.84,371.37,10.05,2.9,
59.51,,24410.36,55623.12,125205.15,6075.54,13348.41,276696.38,1550.78,79.35,310.25,10206.82,64.03,20.67,42,55.99,1620.55,59.66,5.41,231.09,6.98,3.21,
59.32,,19957.85,59230.59,131578.52,4568.77,15368.62,254616.52,1536.25,117.98,366.59,7434.19,105.87,23.11,38.54,65.26,1443.47,72.79,5.67,450.06,6.3,5.19,
59.12,,20645.2,67041.93,150664.17,3936.69,18658.08,219651.05,1991.96,90.65,328.46,10841.28,95.51,17.02,41.68,83.07,1251.4,84.84,5.88,401.55,,6.76,
58.92,1.8202,23468.01,52510.69,126930.32,5262.01,12765.82,264131.78,1424.47,89.96,384.59,10572.11,114.23,30.08,61.62,51.92,1948.77,76.36,5.61,411.57,7.52,4.13,
58.73,,19036.73,33759.28,82183.52,3743.9,15007.56,333132.41,909.27,,440.24,4877.12,111.82,25.24,26.78,30.75,2344.09,27.77,4.26,498.33,7.08,2.75,
58.53,,18807.94,44709.11,104160.25,3971.46,11842.77,297060.44,1183.84,46.78,398.01,5537.86,119.4,23.97,26.58,47.4,1768.96,46,4.53,414.77,10.74,3.84,
58.33,,20205.1,51933.16,109857,3759.03,11884.02,299278.25,1302.28,41.24,381.15,5704.22,116.91,25.64,30.03,46.45,1923.13,47.85,5.32,569.6,7.94,5.13,
58.14,,20503.65,44575.63,105209.33,5253.39,11066.11,298098.94,1207.9,61.38,399.04,5592.56,106.59,22.8,23.02,41.75,1811.3,47.38,4.18,450.07,,5.3,
57.94,,12937.56,40415.97,79551.38,31682.56,10783.53,327262.53,1019.94,40.42,315.16,11512.02,64.85,12.24,22.76,42.14,1908.79,40.92,4.9,150.12,,1.75,
57.74,,17103.06,55007,104278.52,7116.65,14026.61,300430.19,1345.79,51.35,378.9,10767.74,98.17,22.93,25.88,59.29,1685.97,55.53,4.84,366.84,6.81,4.26,
57.55,,12420.63,34617.71,84350.02,15515.72,16735.3,315482.59,993.68,55.8,341.06,4948.55,85.96,16.76,26.86,33.56,2058.57,41.06,3.88,280.16,7.58,3.29,
57.35,,19989.31,51345.43,113772.09,6222.16,12811.96,286039.31,1405.24,53.81,423.91,6349.46,112.55,26.54,38.46,50.38,1803.62,49.81,4.84,440.92,8.44,4.67,
57.15,,16135,30720.88,77901.66,2857.13,13875.62,345101.41,887.53,,300.51,4002.96,102.26,15.15,23.56,27.89,2086.59,29.12,3.78,287.74,,2.26,
56.96,2.5041,20550.38,33773.9,90307.7,4089.16,13646.87,330156.53,951,,378.11,5532.02,102.26,16.79,27.11,27.14,2167.01,60.56,4.05,350.54,,4.51,
56.76,,17609.57,32926.59,92721.76,4170.36,14508.65,313950.16,1022.66,,362.56,5450.41,97.22,25.75,25.64,28.43,1971.98,48.64,4.29,394.71,7.02,2.86,
56.56,,19507.53,46026.45,116118.45,5752.27,12106.94,272593.88,1285.3,121.75,329.57,6622.98,104.66,12.57,37.45,46.82,1761.89,58.44,4.04,368.02,7.12,6,
56.36,,18833.08,43949.22,114816.47,4129.6,11439.26,280162.59,1296.27,57.04,333.62,6249.87,88.03,17.26,26.99,43.34,1792.67,52.33,4.83,353.87,6.01,4.11,
56.17,,21554.98,47745.59,118106.73,4046.47,11419.18,286947.63,1278.3,56.73,341.13,6051.7,100.38,22.26,32.22,44.49,1782.43,57.37,3.9,364.2,,4.34,
55.97,,19638.33,39116.84,101238.21,3435.29,16397.13,310129.41,1089.7,,329.34,5270.21,89.53,18.18,28.12,34.58,1838.46,52.25,4.41,349.69,,3.2,
55.77,,14441.63,29015.4,77596.87,3642.18,14412.29,320625.88,958.48,,335.82,5493.71,88.84,13.41,23.8,30.21,1949.52,39.6,4.16,412.1,,,
55.58,,18164.49,32771.79,79680.69,4532.51,13156.4,345174.25,899.2,,381.85,5529.05,121.84,16.52,19.99,27.27,2141.91,34.5,3.79,394.91,,2.76,
55.38,,14406.16,30078.85,85938.72,30148.72,13799.16,312376.19,910.92,,380.69,6557.12,105.55,20.22,17.27,30.27,1952.13,46.75,3.93,513.03,9.39,3.75,
55.18,,24542.71,49802.68,110207.8,4079.16,10865.4,313400.63,1199.45,,320.3,6446.76,40.21,12.81,50.87,43.07,1921.92,44.73,4.68,65.29,,3.15,
54.99,1.3191,21482.54,51305.91,114966.71,4271.47,13133.02,281063.03,1255.89,72.13,397.27,6889.13,114.53,18.63,27.31,54.28,1611.48,52.16,5.11,376.92,7.25,5.3,
54.79,,22586.72,46899.98,109272.38,5567.99,11486.09,292664.06,1164.83,66.07,413.61,6500.54,111.77,24.54,27.48,44.04,1662.13,46.9,4.91,463.5,9.78,6.11,
54.59,,17433,37297.81,78101.73,5232.42,16299.46,345107.16,886.24,79.5,393.79,5454.65,122.26,,24.37,36.09,1890.49,34.16,3.76,408.26,7.84,4.52,
54.40,,17481.23,34951.93,77783.87,22747.42,13649.06,348938.91,811.01,,223.96,5659.31,52.66,,40.31,36.59,2009.37,37.13,5.6,,6.25,2.98,
54.20,,18711.4,33247.81,80116.46,5490.38,13946.25,341392.09,839.72,,407.57,7425.21,116.85,17.98,26.12,28.62,2067.43,36.46,2.78,469.68,8.03,3.03,
54.00,,19523.57,30738.59,71356.24,15005.61,6342.3,350480.88,801.01,,436.68,24477.41,118.66,28.19,30.42,21.7,2237.21,30.69,3.25,480.32,14.43,1.03,
53.81,,13892.66,29291.83,67504.71,6447.71,13070.49,353902.06,817.77,,319.52,6908.92,70.45,,23.17,25.84,2163.21,28.79,3.86,219.13,6.66,2.81,
53.61,,16228.04,35130.96,88029.45,3984.1,15219.44,321521.31,968.82,69.99,377.83,4985.44,115.36,29.36,37.66,32.39,2067.81,37.71,3.64,446.98,6.87,3.11,
53.41,,21891.59,41568.46,107044.05,4067.12,10053.8,298364.47,1127.95,56.52,334.13,5817.97,91.57,12.51,22.68,38.54,1914.83,50.49,4.5,268.75,6.31,2.52,
53.22,,18184.24,42447.11,103298.92,4279.46,11392.13,290493.25,1149.24,80.56,447.3,5912.25,132.25,30.94,23.38,45.53,1761.38,52.57,3.17,498.17,,5.63,
53.02,1.1437,13190.51,31668.07,67416.1,16411.56,14386.08,333732.69,771.5,,427.71,10349.11,120.41,22.85,43.76,30.85,1818.86,37.77,3.16,490.43,6.72,3.43,
52.82,,10721.6,22060.81,54628.13,88139.17,7249.45,316584.06,707.01,,346.8,11101.58,120.07,18.43,41.53,26.19,1963.22,37.69,3.1,383.75,7.08,2.24,
52.62,,15312.35,38470.16,93170,39625.04,11265.73,284239.34,1064.72,59.96,366.49,6446.34,117.97,,40.94,44.03,1914.16,57.54,4.05,371.64,8.07,2.14,
52.43,,21110.09,40614.96,94923.81,4160.72,17420.05,312801,1010.95,78.39,383.2,5460.4,102.63,18.68,22.17,38.36,1941.18,41.89,4.02,365.12,,3.34,
52.23,,16406.21,28665.76,74745.32,4259.41,6671.77,344216.22,753.31,,433.41,4916.23,115.35,15.3,26.62,25.32,2384.39,34.83,3.62,460.11,,1.93,
52.03,,21623.92,32221.71,86799.64,3983.27,13584.5,316996.53,827.14,60.73,400.78,5894.59,107.82,22.02,28.62,29.25,2078.61,41.03,3.65,391.21,,2.39,
51.84,,18809.09,38501.76,91184.41,4461.08,16631.6,320724.59,976.08,68.93,382.38,6045.89,118.6,21.37,43.29,36.36,2126.14,47.75,3.9,470.16,,2.84,
51.64,,17925.21,49821.63,112229.55,4839.02,13762.7,289331.75,1406.36,75.69,418.81,5871.12,107.74,18.16,32.24,57.83,1610.58,48.55,5.69,426.97,,5.26,
51.44,,21501.54,41039.32,100634.82,4157.09,10093.45,306492.56,1160.62,82.14,395.66,6065.68,119.01,28.7,23.75,38.07,1869.78,49.52,4.6,404.36,8.12,4.02,
51.25,,20963.72,49542.66,110886.46,4165.17,12529.6,289702.47,1285.59,73.13,331.42,6436.83,84.98,23.65,27.78,51.81,1656.03,53.28,5.19,273.27,9.83,3.87,
51.05,1.658692308,17773.26,41067.63,100325.43,4721.14,10115.09,308943.69,1104.51,,331.02,5650.56,98.56,20.09,24.66,36.12,2411.1,43.73,4.42,244.66,,2.45,
50.85,,15014.77,49970.13,115952.73,21037.69,14283.25,255296.34,1595.82,83.61,377.74,11186.1,102.56,23.88,20.57,65.87,1455.8,67.07,6.09,366.51,,6.03,
50.66,,16225.54,37061.2,89315.94,43257.59,10177.49,289034.47,1117.55,87.26,376.2,6074.84,116.1,22.89,63.69,41.2,1823.42,55.63,4.59,424.33,,3.22,
50.46,,16502.02,36601.9,87132.88,7090.68,16133.81,315451.78,971.18,81.72,401.08,6033.15,115.06,18.34,27.25,34.74,1972.1,43.53,4.92,464.95,8.24,2.26,
50.26,,16599.47,34926.47,87142.82,6623.06,14379.92,317281.06,921.88,,356.83,5799.44,87.01,12.57,19.67,32.3,2305.5,37.49,2.78,323.92,,2.48,
50.07,,16333.34,42565.5,95771.53,6584.65,10525.63,312798.81,1164.79,,322.64,6000.76,66.44,,18.91,41.07,2023.66,40.82,4.6,158.8,,2.87,
49.87,,15626.65,33846.89,82853.63,4351.36,8009.9,335472.03,915.13,,415.26,4944.93,114.63,20.87,20.23,28.91,2240.8,40.03,4.04,427.36,,3.03,
49.67,,12299.3,29761.17,72692,5844.9,13584.67,335365.91,821.31,,391.81,5796.22,94.82,20.41,32.99,27.06,2291.97,40.54,3.21,351.96,9.03,2.82,
49.48,,13702.92,37757.55,90610.83,8316.16,10147.2,303613.25,991.39,,360.17,6259.46,89.34,14.89,22.35,37.49,2213.79,46.41,3.94,310.68,6.53,4.95,
49.28,,12052.38,23302.52,51189.76,4368.39,4502.7,386972.69,1265.73,,90.5,6100.33,,,,15.57,9447.64,112.23,,429.78,,98.89,
49.08,2.0573,8261.76,17741.27,44738.45,5310.2,3776.15,383498.38,1729.87,,538.6,6655.82,,,,11.11,2856.83,13.85,,,,26.07,
48.88,,10073.01,19608.88,46303.49,5153.96,3915.03,382781,1253.25,,307.86,6197.07,19.45,,,12.01,2759.83,19.06,1.66,94.02,,17.39,
48.69,,10677.26,24988.93,50783.21,5655.83,5029.79,376811.56,1474.93,,360.36,6465.2,26.94,,,13.51,2708.5,22.5,,80.48,,23.09,
48.49,,6780.04,20114.03,43405.27,6176.35,4645.02,379173.81,1383.82,,424.65,7529.76,,,,12.81,2619.32,16.19,,43.7,,13.73,
48.29,,7166,24295.12,50817.21,6177.21,5777.77,366662.69,1541.27,,273.96,6561.03,24.3,,,16.66,2324.29,21.13,,102.16,,27.68,
48.10,,10923.92,29150.47,58232.06,10331.91,7135.75,353646.19,1514,,445.48,7764.15,,,,19.59,2270.88,25.58,2.18,25.9,,13.7,
47.90,,11053.01,40560.84,73631.27,29784.82,10238.18,319142.13,1791.04,,347.19,9589.33,,,,30.59,1963.63,35.7,3.27,65.37,,18.29,
47.70,,13504.7,55461.7,90522.5,22390.2,13696.21,298781.41,2145.39,,477.82,15155.27,,,,40.39,1832.62,49.61,3.71,40.2,,17.7,
47.51,,17296.37,56722.76,98024.45,7414.63,13110.65,292514.22,1924.76,,384.07,10063.82,16.58,,,37.04,1683.01,48.54,3.98,55.94,,15.85,
47.31,,12925.03,43093.04,85162.5,13399.5,11187.69,303823.03,1961.69,,337.88,8685.67,,,,31.44,1857.22,46.57,4.16,82.4,,18.07,
47.11,,13725.56,29681.81,61144.97,11269.88,5710.53,363977.34,1586.74,,444.26,7324.95,18.33,,,14.53,2534.12,19.91,1.67,34.6,,21.23,
46.92,2.0371,13650.04,35528.57,67426.59,5552.93,7828.81,347933.34,1785.87,,458.09,6877.3,,,,21.93,2068.34,28.84,2.17,,,15.71,
46.72,,9396.15,25938.68,55368.66,4926.18,5707.46,364243.78,1798.67,,543.46,6360.62,,,,16.84,2457.94,16.03,2.08,,,18.78,
46.52,,10149.74,27459.48,59953.68,7350.12,6491.72,347311.78,1558.96,,312.6,7861.8,12.96,,,18.64,2377.71,23.66,1.97,61.76,,22.93,
46.33,,8441.17,22132.45,48322.76,14471.09,5304.38,358600.28,1551.63,,312.19,9417.02,,,,16.39,2404.4,18.51,1.59,28.6,,20.14,
46.13,,11362.35,14283.57,37711.97,5450.27,2524.15,399795.22,867.58,,345.15,6222.24,15.14,,,6.91,3255.98,11.75,,97.68,,14.93,
45.93,,9275.92,18343.73,42458.34,4987.31,3567.23,390949.97,1343.59,,389.38,5834.33,,,,10.38,3026.66,13.33,,35.8,,30.57,
45.73,,14095.05,22032.79,46736.25,4204.8,3760.6,394731.69,1777.26,,421.79,5304.85,,,,10.63,2972.38,12.67,,,,24.16,
45.54,,5843.11,23660.87,48603.49,9054.61,4147.74,383431.06,1658.02,,531.68,8009.52,15.37,,,12.1,2828.46,17.29,,16.8,,24.22,
45.34,,11025.5,32374.86,63143.64,5498.58,6638.49,355220.75,1965.94,,375.44,7327.34,13.4,,,18.99,2289.33,23.57,,53.59,,21.11,
45.14,,12391.52,33131.18,61425.86,6626.26,7428.42,354190.63,1777.06,,480.67,7311.21,,,,20.87,2112.74,24.79,,53.6,,20.94,
44.95,0.9459,14313.32,27555.72,50857.82,6078.42,5328.51,379480.22,1575.68,,342.39,6392.32,27.83,,,15.61,2289.9,22.27,,64.45,,22.08,
44.75,,20046.27,34135.76,64278.02,5308.33,7475.04,354555.66,1810.97,,270.45,6473.65,26.44,,,23,2046.87,28.69,,102.98,,17.77,
44.55,,20759.63,36212.05,69079.49,9511.83,7654.88,344046.75,2031.79,,497.83,8245.22,14.33,,,21.62,2074.14,30.85,2.37,14.9,,19.68,
44.36,,8310.92,37865.74,77265.69,33512.36,10351.14,298077.25,1835.65,,505.79,10301.52,,,,30.77,1699.75,42.75,3.12,,,15.8,
44.16,,12393.18,35974.87,73246.63,13097.38,9092.21,320597.13,1639.8,,265.87,13390.65,37.52,,,25.67,1836.02,32.01,2.34,72.66,,17.73,
43.96,,13311.36,45790.33,82520.66,32172.64,11536.13,297538.31,1832.2,,293.67,18351.14,35.91,7.96,,34.2,1708.6,44.92,2.78,115.72,,17.69,
43.77,,16638.8,56853.46,100016.3,10013.74,13579.35,288514.44,2030.15,,435.52,12268.23,,,,39.6,1614.64,46.85,3.94,39,,17.05,
43.57,,14452.94,33003.17,67738.88,5192.26,6623.13,353768.16,1656.18,,462.65,7039.62,,,,17.8,2251.49,29.61,,40.1,,19.7,
43.37,,11873.09,37546.77,74713.16,10508.53,8675.98,326955.03,1726.48,,405.58,8571.16,19.98,,,25.5,1858.99,34.36,1.98,9.1,,17.3,
43.18,,11351.43,45964.96,94091.3,28775.31,13707.16,255121.88,2170.43,,372.94,11947.49,,,,41.15,1402.71,56,4.96,28.2,,12.63,
42.98,1.8583,15532.22,30131.44,68625.63,25459.67,6851.64,333624.88,1651.95,,476.55,16825.86,19.63,7.96,,16.99,2002.15,27.33,1.92,21.5,,15.81,
42.78,,13217.91,38540.52,79267.05,23948.04,10043.45,297973.66,1906.75,,202.13,11787.45,,,,28.92,2059.78,37.52,2.82,227.61,,20.35,
42.59,,16279.92,33011.29,67145.48,7145.7,6947.74,347037.97,1891.88,,320.76,6263.3,25.82,,,19.28,2245.25,29.86,1.69,65.54,,20.47,
42.39,,10167.19,27197.05,58293.11,3465.05,6028.61,354551.19,1680.62,,305,5750.79,14.68,,,18.28,2296.19,23,2.03,102.5,,20.6,
42.19,,15216.99,30924.56,66704.14,4206.95,6967.72,347502.13,1608.22,,362.46,6290.16,18.83,,,19.81,2269.9,28.39,2.5,67.77,,19.25,
41.99,,13679.13,32641.53,63612.81,7328.68,7313.32,349803.78,1756.09,,340.52,6584.06,14.85,,,20.98,2234.21,27.29,2.36,111.43,,17.88,
41.80,,13058.88,26536.03,59417.2,4642.3,5488.11,361382.28,1544.2,,278.39,5991.81,36.73,,,15.12,2261.5,25.78,,70.42,,21.97,
41.60,,13552.06,26830.54,59899.85,8699.96,5678.01,356865.34,1664.65,,313.37,6367.85,20.38,,,15.53,2608.23,23.29,1.51,86.11,,23.85,
41.40,,6441.3,23690.63,54966.5,4250.71,4828.34,371934.44,1581.27,,403.85,5825.04,,,,13.46,2839.58,16.89,,48.4,,17.82,
41.21,,7778.65,27466.97,61252.5,6595.56,6159.37,350837.31,1746.68,,288.53,6438.83,12.51,,,16.56,2126.72,24.94,1.55,68.4,,21.59,
41.01,2.2641,12746.34,33801.23,69906.78,4382.45,7127.61,348963.97,1671.65,,314.03,6458.68,28.14,,,19.11,2451.37,24.77,2.08,54.88,,19.77,
40.81,,13218.12,37676.13,80269.63,37729.16,10958.18,288790.75,1880.37,,302.73,8862.93,,,,30.76,1821.43,43.75,4.18,70.08,,19.36,
40.42,,10925.31,21789.7,60019.38,9252.52,5142.14,352833.25,1422.35,,457.58,6670.35,,,,14.32,3216.79,,2.15,,,8.5,
40.22,,11503.87,31252.51,68937.96,5579.39,6708.91,346263.19,1856.91,,383.2,7265.85,,,,19.08,2256.18,29.39,2.25,23.4,,17.75,
40.03,,12431.15,32131.77,65286.73,18345.38,7692.83,338366.69,1416.99,,366.06,7455.57,,,,22.4,2041.27,29.81,1.64,55.68,,17.05,
39.83,,11505.23,34161.6,74514.52,5795.76,7173.18,339603.38,1346.68,,376.97,7755.83,,,,19.78,2137.35,36.32,1.55,18.5,,18.09,
39.63,,16099.84,39560.92,73416.89,15369.12,9003.26,330903.5,1555.11,,433.27,10986.17,,,,25.16,2649.43,25.13,2.26,,,12.82,
39.44,,9568.16,29157.24,67349.98,20092.96,6732.45,326310.53,946.4,,341.45,11297.67,30,,13.52,18.81,1988.68,27.12,1.7,67.15,,18.86,
39.24,,15293.95,35411.23,71883.73,6001.68,7450.07,343463.56,1690.22,,272.5,7433.93,26.92,,11.55,20.72,2076.05,29.79,1.93,101.65,,18.91,
39.04,1.8645,11594.45,33263.05,73479.81,4342.5,7877.73,330293.25,1530.13,,296.27,6780.73,12.64,,14.06,22.15,1890.97,27.48,3.03,57.36,,16.08,
38.85,,12995.14,35859.74,64627.14,12731.02,9191.08,338642.44,1710.34,,333.07,10729.36,17.6,,9.96,25.76,1928.59,30.24,1.7,25.3,,20.29,
38.65,,12250.81,28592.1,66143.94,6721.93,7103.78,339036.06,1546.95,,280.01,7064.64,,,,19.11,1959.58,26.54,,73.92,,19.88,
38.45,,16580.32,42344.67,87526.19,8353.39,10194.68,305521.78,1861.27,,318.14,8876.94,19.85,,16.17,28.76,1784.93,40.37,3.17,98.47,,17.11,
38.25,,12016.17,38323.63,84597.33,5590.51,9457.04,302321,1718.8,,250.29,8260.52,20.88,,12.06,26.91,1696.09,42.31,2.79,93.96,,15.17,
38.06,,9244.03,28794.63,70401.11,5437.71,7239.9,329121.94,1764.02,,306.1,7621.32,,,29.5,20.05,1942.06,34.94,2.17,105.17,,16.58,
37.86,,9844.1,40904.07,84671.31,37706.61,9989.95,279391.31,1679.2,,293.38,12725.43,25.55,7.41,39.67,29.8,1651.42,44.86,3.29,96.43,,15.59,
37.66,,11275.34,26575.49,66891.52,7879.38,6138.01,335043.03,1568.87,,299.81,8139.07,,12.8,13.36,17.08,2175.13,36.02,2.56,79.98,,20.55,
37.47,,13471.88,33089.39,74227.48,7567.08,8096.58,321953.88,770.97,,315.02,8676.33,23.53,,13.26,20.99,2088.11,42.2,2.52,120.8,,15.57,
37.27,,10089.08,37181.58,81762.49,6481.56,10032.32,302987.16,1100.89,,332.99,8501.71,15.49,,10.74,27.77,1883.87,45.02,3.04,78.3,,14.39,
37.07,1.7026,10184.9,33099.47,71884.84,18379.54,8624.49,294062.88,982.56,,283.14,10084.73,,,22.51,23.86,1969.93,41.44,2.48,21.1,,13.85,
36.88,,7583.44,37845.93,77515.51,11900.56,8970.21,302036.19,1134.65,,364.89,9445.69,20.45,,20.71,25.38,1994.35,45.4,2.68,77.52,,13.52,
36.68,,13458.42,40197.96,87072.78,6751.89,10619.7,295607.94,1033.75,,380.16,9390.47,,,12.99,28.45,1809.95,47.15,3.71,69.77,,13.27,
36.48,,14016.28,44558.98,95429.7,28801.26,13115.85,260984.8,1138.9,,313.21,10634.2,,,9.62,38.21,1501.44,54.02,4.73,81.42,,10.78,
36.29,,7395.74,29136.71,66769.13,19771.71,7146.36,329704.47,892.96,,311.84,9565.97,12.55,,27.13,19.9,2072.28,37.2,2.39,43.2,,14.54,
36.09,,15669.2,42185.21,83970.12,6487.23,9119.79,321921.84,1362.37,,363.44,8937.97,24.82,7.46,11.64,25.96,1933.05,39.43,2.94,86.33,,13.55,
35.89,,20237.3,44482.8,88393.44,5673.04,9900.51,313414.13,1251.65,,345.93,8889.86,27.76,,7.87,27.97,1891.12,46.38,3.62,74.59,,10.62,
35.70,,16262.78,31418.46,66467.43,5648.16,6966.49,355517.31,801.34,,365.63,7414.46,22.45,,22.14,18.77,2087.33,33.75,1.8,59.56,,8.71,
35.50,,11731.47,34871.66,75662.64,6351.56,9063.95,319250.44,1163.65,,379.63,7723.18,,,13.64,23.66,1914.76,35.96,2.31,16.8,,10.43,
35.30,,14469.9,43552.77,84577.06,7923.18,9534.73,319143.34,1549.77,,366.07,8708.39,23.6,,11.3,28.25,1934.88,40.98,2.57,90.98,,16.19,
35.11,1.5913,14890.77,43310.48,88011.06,5649.57,10931.48,301568.78,1918.35,,343.65,9014.34,,,16.26,32.19,1776.05,41.98,3.41,74.72,,17.76,
34.91,,8915.46,30148.75,67189.24,4326.25,7245.58,341137.81,962.33,,259.01,7337.88,,,10.24,20.74,1986.63,30.17,2.77,53.15,,12.88,
34.71,,5735.24,29193.77,60539.9,4012.92,8204.99,346286.19,1409.81,,400.52,7439.44,,,,24.47,1779.61,27.05,2.01,6.9,,16.51,
34.51,,11855.24,54182.93,101751.97,6060.89,12624.57,288773.72,1600.46,,298.2,10295.93,16.76,,,37.03,1756.95,51.32,3.3,96.4,,15.76,
34.32,,9516.97,42788.93,93144.67,5833.18,10792.24,300242.19,1436.88,,399.31,10311.76,,,26.56,30.04,1816.08,45.14,3.39,80.02,,14.99,
34.12,,13459.62,52882.23,94166.38,9600.9,11830.37,307294.84,1386.85,,342.86,9588.36,21.16,,27.84,33.09,1799.41,45.77,3.35,52.66,,18.95,
33.92,,15232.91,55941.24,100119.31,6459.12,12822.63,295833.13,1507.89,,379.78,10940.96,14.91,,,38.21,1707.23,49.78,3.59,74.98,,15.13,
33.73,,17019.72,49789.91,100050.73,4692.96,10924.43,299759.38,1314.32,,353.36,9392.79,14.67,,63.42,30.29,1802.34,44.3,2.9,53.98,,15.26,
33.53,,10821.58,38197,79046.41,35038.33,10948.93,284020.22,1203.65,,339.16,10762.79,,,14.82,33.83,1693.07,50.42,3.89,67.49,,13.03,
33.33,,14535.44,52957.44,99543.14,5389.65,14084.68,272171.97,1318.19,,222.03,10002.6,17.21,,17.91,42.6,1493.76,56.21,4.89,95.03,,10.26,
33.14,,10898.31,29423.35,78608.92,16061.96,7913.59,298065.22,967.85,,259.37,19741.82,,9.03,26.88,21.96,1944.81,35.71,2.8,42.2,,12.19,
32.94,1.9122,21807.08,53724.19,100103.12,6345.62,11861.51,296545.69,1485.26,,363.06,10434.8,,,21.26,34.57,1775.32,47.89,3.47,51.75,,13.14,
32.74,,19284.53,46818.16,92356.73,8358.2,9967.43,305041.63,1093.12,,334.35,10680.88,27.5,7.94,14.18,28.61,1863.27,42.27,3.11,126.57,,14.03,
32.55,,15252.85,35608.36,85218.29,7189.87,7651.59,319436.66,1142.08,,387.96,10274.45,,,6.04,21.1,1960.79,35.88,2,69.66,,14.23,
32.35,,14647.58,49467.86,89831.38,8595.68,11476.79,307645.13,1390.81,,431.9,11161.3,,,12.84,34.49,1805.32,40.56,3.54,66.41,,14.91,
31.96,,13542.77,23515.34,69170.25,33169,5489.89,339172.78,917.13,,205.2,12807.05,,,100.07,14.2,3176.12,34.43,,352.85,,21.5,
31.76,,8337.92,42638.14,93588.36,10000.26,11619.51,282455.59,1399.76,,323.21,10531.17,,,5.11,33.38,1645.18,45.91,3.85,87.93,,12.41,
31.56,,12757.79,49532.58,98755.2,7591.01,12031.91,291082.41,1757.08,,331.06,9741.38,15.46,,8.11,34.08,1736.38,46.44,3.58,78.24,,13.35,
31.36,,12725.25,39929.91,84943.16,7336.23,8879.8,319385.47,1573.99,,473.42,9809.85,,,55.41,24.57,1922.89,33.6,2.32,,,17.51,
31.17,,14117.73,30697.3,81432.63,6385.58,6194.42,327786.59,1319.41,,358.54,8842.31,26.2,7.7,9.31,17.76,1956.99,35.67,,88.71,,12.87,
30.97,1.3349,12272.4,28659.77,78139.64,8846.37,6374.37,319390.72,1318.4,,424.81,11303.07,,,23.38,18.14,1961.98,38.11,2.36,65.27,,14.61,
30.77,,13331.05,51431.91,104208.11,20143.28,14051.9,265556.66,1951.27,,318.23,11817.82,11.53,,17.63,42.18,1726.05,59.65,6.32,73.49,,20.12,
30.58,,13364.49,49321.06,95393.23,5897.98,12100.12,296558.13,1531.76,,428.26,9697.22,,,43.2,36.98,1697.54,47.83,4.76,,,10.13,
30.58,,14682.08,34603.73,73257.99,5646.55,7776.85,340188.63,1650.52,,499.39,8283.52,,,10.36,21.93,2185.19,27.94,1.78,,,14.94,
30.38,,7424.81,31711.18,72680.82,75587.16,8738.07,302492.69,1712.35,,318.56,7976.34,,,14.4,22.44,1953.77,34.13,2.47,48.4,,18.37,
30.18,,12143.08,43495.79,94746.81,7582.86,9912.77,304329.44,1826.92,,445.22,9339.96,,,,27.52,1874.81,42.27,1.81,36.6,,14.91,
29.99,,12162.95,30865.11,78260.63,13734.28,7337.99,315856.75,1554.87,,338.02,9445.75,,,7.62,20.6,2001.93,35.93,1.62,69.44,,18.25,
29.79,,12688.7,35763.32,83068.66,4926.82,8585.03,357215.44,1925.25,,907.25,9134.24,,,,25.84,2257.19,28.38,5.81,,,10.15,
29.59,,13214.39,40710.05,87543.16,7052.91,9566.2,309382.75,1885.49,,383.03,10028.78,,,7.32,28.18,1808.43,36.11,3.15,30.1,,16.93,
29.40,,16918.77,45898.6,85238.61,5450.58,10089.15,319971.53,1850.44,,369.53,9429.27,,,14.51,30.09,1882.33,31.46,2.36,34.1,,18.67,
29.20,,15997.57,45055.86,75400.13,9124.5,9812.34,337960.31,1913.97,,295.53,12218.78,34.69,,15.68,29.17,1902.27,31.83,3.39,63.43,,14.66,
29.00,1.4347,15184.26,46941.61,96942.81,6385.44,12316.97,289059.19,1805.37,,287.87,8978.56,,,9.88,36.46,1651.81,42.13,4.02,68.6,,17.47,
28.81,,13534.61,45319.22,91064.73,6039.71,10169.27,310397.31,1774.81,,325.6,10161.5,43.03,11.32,28,30.36,1908.97,42.09,2.56,92.08,,12.82,
28.61,,18025.21,46022.33,94465.82,6175.64,10424.51,302053.09,1788.27,,302.67,10959.67,26.45,,8.41,31.32,1831.35,42.02,3.91,46.4,,21.03,
28.41,,14938.04,47570.5,108744.71,14845.27,11947.36,264421.53,1772.32,,315.4,13059.75,20.98,,12.01,34.35,1622.91,53.2,3.82,67.01,,13.99,
28.22,,16492.21,55256.89,111774.59,7855.95,12947.14,268852.03,2175.48,,273.43,12540.56,30.34,8.09,13.94,37.96,1605.66,52.48,3.95,97.96,,18.59,
28.02,,10159.1,45062.94,96988.18,21643.26,11335.74,286937.5,2078.93,,214.04,11482.49,12.63,,42.93,28.39,1853.53,46.19,2.82,86.91,,20.8,
27.82,,15713.09,49036.4,101337.11,5253.66,10649.24,293741.75,1981.76,,339.32,10004.4,27.15,,7.59,30.78,1737.28,41.41,3.02,108.44,,18.88,
27.62,,12491.86,44460.16,90886.2,5679.99,10280.32,306550.5,1727.4,,233.24,9797.39,35.77,10.36,26.57,29.37,1788.13,40.24,2.37,73.91,,20.26,
27.43,,12174.01,39628.29,79531.2,21155.46,9502.02,309325.78,1889.29,,343.76,10167.31,22.65,,28.07,30.4,1909.3,36.17,2.9,40.5,,17.56,
27.23,,18631.62,49418.3,103707.93,5494.37,12140.46,292945.56,2194.72,,716.1,10879.21,,,,36.74,1772.22,47.31,4.95,,,10.68,
27.03,1.6755,12822.22,41503.5,89295.1,6124.06,8677.68,318246.84,1607.27,,289.24,10236.06,41.63,,13.92,25.37,1973.84,45.04,2.35,70.59,,15.35,
26.84,,13079.74,45767.75,97900.6,4319.82,11052.29,297956.25,1861.75,,384.07,8900.17,,,,33.52,1760.1,44.84,3.59,20.4,,15.88,
26.64,,19330.4,47170.88,96009.99,5337.95,10395.43,302544.81,1668.49,,418.75,10221.13,12.48,,13.38,31.34,1920.78,46.81,3.42,27.9,,13.85,
26.44,,12634.45,40495.27,98891.55,5922.09,11602.32,275567.09,2110.95,,441.77,10673.34,,,19.86,34.17,1613.75,48.37,4.25,58.27,,14.35,
26.25,,12606.18,36503.18,87364.37,13879.94,9116.69,304676.31,1774.64,,387.87,9544.39,,,14.92,26.02,1904.4,41.3,2.9,46.7,,16.61,
26.05,,18950.32,39524.12,89807.94,4798.97,8017.78,322821,2012.06,,283.59,9194.72,34.65,,21.33,23.83,1976.63,34.25,1.67,70.25,,22.64,
25.85,,11659.66,32294.25,82378.94,3948.34,9750.71,298598.28,1581.74,,371.95,9218.37,,,10.52,27.82,1750.08,36.23,3.62,52.52,,18.09,
25.66,,13863.74,33310.62,77085.88,4036.46,8206.92,328521.56,1686.46,,437.62,8285.69,11.83,,10.86,24.55,1929.45,29.98,2.79,91.05,,18.37,
25.46,,12598.31,32743.6,66534.19,5026.87,7174.5,358323.28,1875.03,,305.46,8467.25,26.32,,12.73,21.45,1952.68,25.42,1.54,76.53,,17.26,
25.26,,15679.88,27231.9,62272.3,11561.87,6823.24,355638.69,1685.34,,285.99,19190.02,28.9,,14.63,20.31,1872.44,24.29,2.59,93.6,,16.66,
25.07,0.615,12543.13,32438.52,72740.46,4162.32,6583.57,354070.34,1502.93,,308,7476.89,29.95,,31.94,18.65,2115.5,26.59,,49.6,,17.65,
24.87,,20171.45,44241.82,100069.11,4743.62,9164.76,303909.56,1771.8,,296.87,9290.88,24.46,,29.77,27.24,1852.31,41.55,3.14,38.2,,18.95,
24.67,,14413.59,52529.82,113752.51,5193.1,11687.9,277001.91,1952.18,,328.92,10595.56,29.97,,10.09,34.36,1696.12,54.48,2.63,67.17,,15.49,
24.48,,17706.87,44401.46,108764.46,5432.07,9900.4,277319.47,1787.27,,301.93,11648.67,19.72,,23.79,28.69,1782.56,56.09,3.59,73.62,,17.52,
24.28,,18845.87,46230.36,104619.62,5555.08,10433.1,286890.88,1825.57,,347.62,10408.68,,,18.99,29.66,1846.16,44.27,3.57,83.2,,19.55,
24.08,,13281.61,50810.66,99176.59,4462.12,11829.25,300499.28,2169.23,,355.8,8990.34,,,28.71,35.82,1820.06,49.8,3.76,20.4,,21.68,
23.88,,12970.51,55479.86,121242.79,4902.31,14207.22,257317.39,1806.68,,440.62,9939.27,,,12.14,41.42,1442.97,54.02,4.1,47,,15.4,
23.69,,17582.15,32126.58,91589.59,5036.28,6262.14,326955.5,1776.41,,339.22,9578.22,25.97,,6.71,18.42,2098.3,43.35,2.63,53.59,,19.11,
23.49,,12488.86,34728.6,84964.61,7050.03,8064.68,324497.69,1296.43,,261.07,11662.76,47.05,,34.75,21.55,2055.18,41.05,2.41,74.31,,21.09,
23.29,,18715.28,43595.53,93227.42,6153.59,8644.39,317100.78,1390.07,,359.5,10605.21,32.26,,15.57,25.09,2050.86,50.24,2.3,99.21,,14.82,
23.10,,15931.42,39284.51,89734.4,10130.37,8459.26,307291.31,1516.96,,344.83,12416.31,21.39,,19.32,23.66,1952.11,57.66,3,106.68,,12.62,
22.90,1.3696,15146,47431.64,100165.57,5548.04,11818.24,291781.88,1722.96,,489.98,10838.02,,,24.94,34.85,1710.86,46.34,4.16,,,11.71,
22.70,,9986.22,38983.72,90862.52,8534.76,10640.93,293504.25,1717.1,,332.06,11098.12,,,24.65,31.01,1698.86,40.85,3.63,79.18,,13.32,
22.51,,15220.11,40265.18,88895.2,5497.76,10021.58,306889.38,1631.66,,267.23,10000.36,18.92,,33.86,29.34,1770.83,36.09,2.41,63.47,,15.7,
22.31,,16814.89,32683.67,77252.36,4368.91,6602.45,351056.25,1537.63,,411.23,8341.99,17.11,,11.32,19.44,2018.45,27.48,1.78,,,16.64,
22.11,,14679.55,35544.67,89093.52,4979.19,8399.59,313997.59,1708.12,,451.05,10254.5,,,7.77,24.13,1888.07,41.83,3.56,29.5,,15.34,
21.92,,16064.91,44879.06,104806.34,5858.92,11460.81,275656.25,1816.84,,343.3,12398.06,,,14.65,32.96,1722.65,49.88,3.81,69.21,,16.39,
21.72,,13394.91,41371.25,91633.3,5337.09,9324.56,300598.56,1649.03,,291.77,11062.99,29.14,12.81,7.58,28.18,1933.54,38.81,2.68,109.18,,15.81,
21.52,,18911.17,49267.96,96282.8,4839.66,11596.65,300652.63,1699.61,,347.58,10746.26,,,15.65,35.31,1948.32,43.07,3.9,33.3,,16.92,
21.33,,14649.1,37225.71,88156.71,5975.72,8292.42,311786.78,1576.01,,317.03,10349.09,30.95,,19.71,25.97,1949.17,41.14,1.67,96.35,,19.96,
21.13,,10737.96,42705.02,100795.13,7456.56,12381.74,269178.97,1758.12,,292.14,10806.25,,,5.55,37.3,1656.73,50.06,3.94,,,16.24,
20.93,1.7644,12724.36,31893.56,75735.63,7541.12,7039.38,355202.22,1971.2,,289.04,12766.25,30.07,,68.16,13.53,2274.41,20.16,,102.23,,21.49,
20.73,,13329.47,47124.09,101727,4514.13,11985.95,292853.41,1717.19,,566.23,10903.64,,,9.73,36.47,1829.18,44.26,3.63,,,11.44,
20.54,,10461.05,41059.04,94801.63,4183,10374.82,294528.53,1722.68,,343.84,10334.6,21.11,,13.41,31.33,1825.03,42.98,3.4,100.4,,18.52,
20.34,,8000.94,41686.07,92690.99,4968.37,11170.32,295467.97,1908.19,,379.48,10571.04,,,5.87,33.46,1775.98,38.49,3.77,45.3,,13.99,
20.14,,16998.15,47517.9,97973.16,4834.74,11113.76,297584.75,2195.33,,301.39,10798.75,,,24.24,34.82,1830.95,44.26,2.81,26.6,,18.18,
19.95,,12629.87,36055,85523.98,5220.14,7730.08,333376.19,1765.67,,351.83,10394.59,19.36,,14.54,20.76,2092.7,31.56,1.61,45.9,,19.83,
19.75,,14511.53,59795.73,113897.58,6270.13,16457.45,261125.92,2263.17,,576.85,12703.59,,,19.05,52.43,1633.37,54.98,4.63,9.2,,14.07,
19.69,,11294.86,38566.04,96390.13,18239.07,12414.8,268769.69,1911.49,,451.18,11759.72,,,17.24,37.96,1660.36,47.87,4.18,,,15.01,
19.49,,17660.87,45691.13,100678.02,5178.96,10262.64,298755.06,1756.65,,381.68,11708.14,22.78,8.29,24.18,28.53,1868.15,40.99,3.09,73.24,,16.67,
19.29,,16823.94,47432.68,104830.06,13793.12,12030.98,271975.91,1902.12,,296.75,13727.39,20.2,8.45,39.22,37.16,1738.54,50.83,3.59,91.21,,19.03,
19.09,2.2365,17683.24,61252.16,119717.05,5003.46,16004.32,248095.88,1998.27,,321.82,13129.14,,,10.26,52.4,1487.52,66.46,5.8,44.5,,16.16,
18.90,,14697.7,78998.19,136475.22,6395.08,19600.94,227108.67,2327.01,,261.9,14822.11,38.86,8.3,37.77,64.83,1329.09,75.79,6.73,127.99,,17.28,
18.70,,16970.2,71031.84,131052.86,5602.14,17320.76,233115.72,2338.08,,465.45,14655.88,,,32,57.02,1424.44,68.65,5.01,44.3,,13.23,
18.50,,12466.69,38935.32,86949.67,6031.64,8981.61,320536.97,1478.38,,350.7,11976.41,43.77,8.59,17.23,25.36,1965.65,31.87,2.83,67.99,,15.46,
18.31,,16110.16,50491.31,108373.45,5387.32,11723.98,284964.72,1831.87,,332.16,12386.68,13.72,,22.76,35.95,1803.74,56.78,4.05,38.7,,18.81,
18.11,,6728.91,45150.75,100530.34,12179.88,12937.53,264574.66,1958.43,,330.33,11615.5,,,10.68,40.97,1630.2,54.33,4.52,101.41,,17.51,
17.91,,7178.27,27516.32,67627.05,90975.36,8751.74,260911.5,1516.83,,322.59,11574.28,21.99,,16.18,31.75,1691.98,45.45,3.34,71.99,,14.63,
17.72,,12652.04,33406.07,79439.61,4451.38,7237.15,337530.44,1457.19,,385.35,9451.08,23.49,8.46,10.85,21.1,2097.95,33.31,,27.4,,16.88,
17.52,,11780.58,40994.56,90975.84,10582.18,10048.69,298240.44,1803.55,,423.64,11955.2,13.8,,6.99,30.97,1929.79,42.14,4.25,27.3,,16.41,
17.32,,17547.68,42933.09,88777.63,4515.11,9295.52,322739.69,1624.94,,340.72,9664.68,37.16,,14.44,28.05,1962.6,35.36,2.03,99.31,,20.8,
17.13,1.8185,14392.26,33327.41,86279.79,7769.44,8414.3,307080.78,1537.27,,388.81,10564.03,,,14.46,24.54,1915.45,38.1,2.31,89.51,,17.1,
16.93,,14530.14,47017.38,87274.88,6602.82,10592.98,321732.03,1962.02,,347.33,10703.23,34.94,,15.31,29.87,1896.79,33.97,2.03,53.64,,18.2,
16.73,,9140.48,25764.19,65101.87,14422.91,6414.23,350400.38,1694.98,,394.13,24543.69,21.37,,14.26,16.93,1933.47,19.33,2.34,40.3,,16.57,
16.54,,11588.57,47825.27,102229.88,31738.19,13953.53,252343,1794.24,,199.69,12178.23,19.82,,19.8,44.6,1576.24,53.26,5.19,134.83,,15.83,
16.34,,16983.13,44930.13,98572.02,5773.7,9572.05,305754.75,1619.65,,407.84,12078.19,21.6,,13.41,29.1,1957.63,46.54,3.55,27.8,,12.9,
16.14,,14153.06,61127.38,118853.16,10686.71,15213.98,251200.2,1790.27,,286.15,13913.8,21.87,,24.14,49.02,1575.7,61.28,5.18,101.4,,13.71,
15.94,,18651.48,58945.12,111157.14,5023.85,13965.38,269809.5,1506.25,,296.68,12704.42,33.17,9.89,19.66,42.77,1724.63,52.07,4.58,98.17,,12.54,
15.75,,14638.32,68229.38,130980.91,4826.13,17996.51,228621.66,2236.69,,339.51,13519.1,,,10.53,58.8,1398.71,67.23,4.42,80,,14.76,
15.55,,15299.67,39694.32,97006.58,5883.49,9432.15,297830,1658.32,,343.41,11966.41,34.48,,35.71,27.73,1960.87,53.58,2.86,92.45,,15.67,
15.35,,14664.23,53664.68,114957.97,10523.1,13171.81,260596.11,1737.81,,308.38,18724.5,24.51,,47.18,38.8,1646.28,66.71,4.55,97.52,,14.18,
15.16,1.8835,14069.29,56943.23,116231.32,15402.55,14660.23,242740.95,1638.32,,314.39,25879.39,32.28,,33.9,44.36,1568.34,56.59,3.91,102.02,,20.82,
14.96,,9793.82,57603.8,126156.45,3618.24,17062.62,224384.77,1857.5,,294.24,13334.45,,,20.36,53.65,1426.62,64.52,5.95,91.47,,16.98,
14.76,,15080.57,59050.43,121594.51,5689.18,13787.95,260329.16,2097.42,,222.27,12494.15,23.35,,37.52,45.02,1803.73,56.41,3.29,150.97,,20.76,
14.57,,11931.68,47754.47,100321.75,15237.58,11947.79,284959.25,2069.37,,358.4,10770.69,23.57,,7.4,38.69,1784.02,42.73,3.8,65.15,,18.62,
14.37,,17616.35,59227.13,103506.03,5649.94,13143.88,294477.63,2191.08,,349.18,11337.6,39.44,,13.99,41.2,1674.6,50.49,3.75,92.68,,20.61,
14.17,,18119.24,55937.71,120283.9,3777.77,12952.46,267302.59,2068.67,,371.41,11489.39,,,5.17,40.85,1633.44,56.42,4.04,44.4,,15.01,
13.98,,13097.99,50293.55,104059.49,5369.77,11737.3,294066.97,1800.32,,328.17,10422.65,14.59,,,35.04,1845.12,49.17,3.85,41.7,,16.47,
13.78,,16203.32,42051.82,89883.95,4235.87,9896.23,308512.38,1916.49,,375.96,9428.26,22.28,,15.05,29.82,1846.22,38.44,3.06,65.7,,18.12,
13.58,,17045.21,56238.33,112825.81,4947.21,13115.69,278106.53,2136.52,,303.19,11199.51,28.4,,22.02,39.37,1712.79,50.28,3.88,79.49,,19.78,
13.39,,12989.58,36435.51,97735.95,8022.99,8488.78,295015.97,1864.61,,436.63,14614.48,,,24.38,19.13,1922.57,43.36,2.32,28.2,,18.31,
13.19,1.7843,9956.84,51226.57,92522.52,4026.44,11793.65,310802.38,1981.8,,348.98,9606.42,25.59,,16.35,35.78,1774.74,44.22,3.36,55.91,,15.95,
12.99,,5793.74,30278.56,70579.86,4733.09,8125.48,336324.09,2109.64,,447.49,8352.71,,,9.27,24.17,1927.4,22.61,2.14,7.7,,16.71,
12.80,,15321.86,44512.83,98460.31,4282.92,9414.31,310158.03,1958.72,,376.12,9775.94,28.92,,14.96,27.55,1939.47,39.05,3.12,32.9,,20.02,
12.60,,14843.91,38062.58,94346.84,5784.08,8158.13,312443.78,1880.4,,334.23,10119.7,26.75,,18.46,24.26,1979.04,37.37,2.29,51.64,,17.75,
12.40,,12107.41,43272.36,100122.2,5096.1,9688.54,293577.72,2011.97,,383.91,10485.64,27.32,,17.27,28.27,1871.52,50.02,2.75,76.42,,19.44,
12.20,,12669.57,33313.25,97285.51,5294.92,8045.61,313078.22,1971.38,,456.67,10340.06,,,23.88,21.6,2031.23,46.4,2.67,15.5,,23.19,
12.01,,17934.22,43087.54,86877.45,5609.74,9264.51,318148.72,1774.69,,545.99,9353.34,,,15.6,28.32,2036.38,37.61,2.56,,,20.25,
11.81,,16447.25,44016.97,93210.43,5468.69,9869.68,306688.34,1881.11,,393.26,9490.61,16.85,,19.11,29.32,1935.3,40.86,3.65,64.04,,17.1,
11.61,,13144.9,36186.73,76428.95,4557.87,7778.97,345141,1670.04,,363.87,7797.58,33.98,,12.32,22.35,2073.97,31.06,1.92,78,,21.16,
11.42,,9905.52,31808.24,64858.35,4024.52,6922.25,362429,1768.3,,316.94,7622.33,41.5,,15.1,19.88,2110.33,24.82,,68.33,,19.14,
11.22,2.3875,12118.07,35856.91,84165.88,5617.24,8066.31,326248.28,1704.54,,285.65,8696.29,23.04,,11.01,23.33,2002.86,38.61,2.26,134.14,,18.02,
11.02,,17435.14,31369.22,83160.92,7622.22,7473.8,317403.84,1465.64,,337.71,10850.66,19.43,10.07,27.24,21.07,1972.85,34.17,2.6,52.44,,18.39,
10.83,,11004.6,32321.41,85497.09,8788.13,7831.15,306610.25,1588.76,,366.11,11251.75,19.37,8.29,28.14,22.27,1935.66,36.2,2.75,57.66,,16.9,
10.63,,12564.6,42331.31,89667.16,7062.1,10198.58,303891,1722.82,,420.69,10214.69,39.82,9.11,17.19,28.8,1819.08,44,3.05,83.34,,16.19,
10.43,,6021.88,32894.92,77259.63,13353.3,9415.66,310283.88,1594.74,,346.83,9250.91,18.34,,12.82,26.21,1852.49,38.39,3.18,58.25,,10.85,
10.24,,11402.48,38297.82,92884.23,10147.58,9788.07,293294.22,1558.28,,455.35,11385.6,,,16.18,27.03,1795.4,49.55,3.56,32.4,,11.51,
10.04,,16514.8,40987.45,95826.88,7322.53,9652.41,300526.47,2040.69,,407.1,10161.63,,,21.11,27.5,1816.93,46.88,3.21,26.6,,15.87,
9.84,,14841.36,42784.67,115506.5,6330.1,10671.45,277894.44,1205.1,64.75,373.32,7027.74,93.64,18.28,27.16,40.53,1714.52,48.68,4.26,,6.84,2.86,
9.65,,15293.2,45177.47,114526.07,6866.23,11966.87,277646.59,1183.09,62.99,346.43,10668.62,94.82,,27.31,46.6,1679.46,55.72,4.78,,8.62,2.74,
9.45,,12782.43,39953.82,109210.29,7904.83,16383.14,286345.31,1084.74,81.75,427.28,10552.65,114.79,25.68,28.78,37.71,1731.21,48.61,4.02,,,3.07,
9.25,,17487.97,47440.24,118391.25,7571.63,11767.51,283327.16,1293.07,100.62,407.63,7388.5,92.44,21.94,53.69,46.03,1689.76,52.63,4,,6.67,4.8,
9.06,1.0594,16485.46,37826.02,103845.41,7670.34,10912.54,289126.91,1180.19,74.81,422.58,7323.86,97.54,15.56,26.34,43.64,1787,44.93,4.85,,,3.68,
8.86,,15372.48,34452.15,106004.81,8451.18,15060.61,284448.84,975.76,104.08,414.79,7211.13,97.55,19.3,31.52,33.51,1738.23,49.87,4.58,,,3.55,
8.66,,12394,38677.36,101705.02,6024.94,10385.58,294847.5,1080.66,119.19,474.73,6583.56,114.54,29.54,24.2,40.65,1820.61,47.16,4.22,,6.64,5.35,
8.46,,14611.85,34337.06,98000.09,13216.52,16401.64,300036.66,1124.98,,476.52,6374.61,107.96,21.04,27.62,34.95,1908.49,48.7,4.58,,,4.3,
8.27,,15871.17,33676.14,102381.34,5187.71,14226.07,310121.09,1000.92,113.45,418.75,5721.27,111.35,25.48,25.53,27.79,1910.9,47.56,4.4,,,3.12,
8.07,,12743.02,35714.16,102147.71,11947.28,10646.96,281655.47,1015.76,88,404.62,5765.48,117.12,22.84,24.27,41.28,1633.96,48.75,3.99,,,3.33,
7.87,,14558.1,39826.77,101966.7,7150.12,17077.56,293441.94,1125.21,63.01,416.6,6994.98,115.77,24.8,32.25,38.42,1798.96,51.95,4.24,,,4.01,
7.68,,15821.13,38324.43,103096.6,5610.08,16906.06,301870.88,1075.14,66.01,384.67,6377.86,112.18,24.88,26.79,38.99,1784.01,45.94,3.78,,,4.18,
7.48,,14525.23,38104.6,103580.84,6485.14,10051.77,300080.75,1047.82,90.84,451.36,6579.11,120.35,13.31,31.38,38.96,1749.46,48.19,3.98,,6.49,4.68,
7.28,,14425.29,34077.82,93082.2,5278.46,15070.93,314214.66,971.07,,497.19,6104.46,119.52,23.07,57.24,33.97,1871.69,44.44,4.41,,9.01,3.01,
7.09,0.952,14596.94,35582.88,97260,9048.66,17071.7,315834.09,1068.46,65.55,384.45,7408.42,46.65,,41.05,37.48,1845.47,35.44,5.07,,,2.28,
6.89,,15128.43,35591.37,105073.06,4902.93,16227,304996.56,1099.46,52.53,418.84,6327.71,105.38,18.51,26.25,34.9,1784.32,42.21,4.19,,,3.65,
6.69,,16064.15,35037.81,104295.56,4839.58,16109.74,308265.75,1011.59,,452.92,6341.79,115.68,16.32,28.41,35.43,1798.5,43.4,4.56,,8.9,3.17,
6.50,,15443.57,38101.95,101804.9,4180.56,10096.16,305783,1051.02,94.42,418.75,5515.46,87.51,19.67,24.64,40.41,1755.04,47.15,4.29,,6.56,3.11,
6.30,,15134.69,35870.41,101407.92,4490.49,16146.34,317319.09,995.46,37.36,288.21,5806.75,67.03,12.52,33.7,36.24,1806.59,41.55,4.47,,,2.55,
6.10,,17021.22,36529.67,122843.13,4785.57,15393.56,285067.72,1092.31,47.83,388.98,7127.33,76.58,15.98,37.19,32.26,1724.62,69.27,3.93,,,,
5.91,,17330.04,38554.48,122337.23,4932.58,16166.45,289056.63,1195.39,43.21,431.57,6483.74,120.3,26.49,27.87,34.94,1732.44,56.58,5.09,,,4.28,
5.71,,14387.05,34681.5,106118.72,4966.48,14392.41,308610.31,1016.49,38.67,413.93,5512.12,111.1,20.8,27.23,29.48,1854.72,43.25,4.66,,9.37,2.45,
5.51,,13000.53,56133.8,145519.44,17163.47,16570.83,216797.41,1741.86,58.63,318.18,11281.03,109.53,26.41,91.93,68.64,1195.76,73.58,6.09,,,7.33,
5.31,,17089.87,51676.21,118568.79,5354.01,12931.79,284714,1408.41,63.76,368.27,5343.29,106.85,19.29,30.21,48.72,1624.12,53.01,5.71,,6.16,4.99,
5.12,,13179.82,27937.16,93855.47,4137.05,12663.07,318839.59,881.34,,405,4987.12,99.31,18.47,24.22,26.65,1945.54,43.32,4.4,,9.44,3.24,
4.92,2.0653,15729.18,29947.15,98561.61,5553.51,12926.44,316810.72,923.55,,457.57,6121.52,128.28,17.56,30.28,28.11,1954.32,44.23,4.33,,,1.5,
4.72,,13162.08,26333.21,87582.84,4205.65,6503.18,336537.44,808.69,,441.06,5033.83,108.43,17.36,22.34,24.12,2081.69,39.84,3.83,,8.44,2.32,
4.53,,15580.24,33350.59,103534.21,5614.47,14003.75,314678.72,990.23,,431.84,5749.41,122.31,21.21,55.21,29.74,1964.31,46.26,4.63,,6.2,2.53,
4.33,,20150.62,47939.05,124192.26,6441.58,11283.75,301755.25,1328.32,62.86,295.86,6899.92,36.27,,28.08,45,1822.4,52.24,5.92,,,2.2,
4.13,,15685.27,35981.29,101228.14,4649.91,16709.71,315902.34,1006.18,,476.46,5773.96,112.63,20.46,31.8,34.93,1907.91,42.17,4.58,,,2.93,
3.94,,13642.41,30500.02,95542.13,3589.46,6991.56,333470.88,874.09,,440.94,4585.44,134.69,16.46,23.6,26,2048.56,34.86,3.83,,8.13,3.81,
3.74,,14367.59,34412.32,112503.26,4966.47,14567.45,301040.84,1027.62,55.7,425.68,6154.91,105.06,18.09,25.27,32.54,1839.6,50.29,4.16,,9.81,3.86,
3.54,,15664.65,40794.23,121614.7,7765.82,12092.06,259565.8,1146.56,53.6,334.48,7301.11,78.7,18.22,35.16,47.2,1551.75,59.14,4.45,,,4.73,
3.35,,14492.43,35072.57,102032.63,4404.84,16595.7,309721.09,1074.33,,369.58,6045.19,87.7,17.3,49.03,35.46,1964.77,41.03,4.27,,7.5,4.6,
3.15,,19324.66,42091.5,120680.74,5581.97,10153.82,290843.97,1206.18,52.11,380.78,7265.24,97.59,,28.99,39.62,1808.25,49.13,5.59,,,2.41,
2.95,1.0061,16533.5,40504.73,119989.18,5428.71,16933.68,289150.88,1165.08,39.12,352.91,6432.19,91.12,13.6,31.2,39.6,1788.8,53.73,4.42,,,4.57,
2.76,,16880.63,42075.72,114312.53,7315.68,11466.74,283138.69,1216.66,51.2,363.93,6529.04,109.88,21.69,26.2,45.64,1736.05,50.19,4.6,,8.42,4.2,
2.56,,16606.34,40685.34,110218.87,5396.6,10575.07,293970,1083.6,113.07,419.53,7455.7,114.73,24.22,18.29,40.96,1826.19,50.03,4.64,,,5.59,
2.36,,18692.8,43658.28,129585.38,5231.58,12284.63,255395.03,1420.46,64.01,423.14,10064.49,103.75,27.03,48.57,50.82,1652.48,65.51,4.99,,,4.77,
2.17,,28143.85,61297.36,155853.19,9128.59,12460.47,265803.97,2705.58,60.22,489.63,12645.85,127.6,26.05,35.64,40.04,1990.23,44.09,4.46,,6.54,4.33,
1.97,,21359.95,48177.4,124318.05,5768.69,11379.74,285716.22,1290.79,58.16,330.58,10535.73,71.77,14.56,28.11,47.99,1790.82,55.78,4.92,,,3.64,
1.77,,13912.32,37959.31,113254.53,4642.32,11022.36,285275.38,1162.2,102.68,397.26,5823.31,113.41,22.46,26.51,46.68,1707.46,48.66,4.36,,,4.57,
1.57,,16015.67,49268.34,142715.98,9121.93,13097.8,245045.75,1264.21,92.78,322.26,10435.53,107.58,19.19,21.87,53.52,1461.2,62.33,4.58,,6.4,4.24,
1.38,,15106.24,38863.05,125187.59,18617.72,11651.73,262321.03,1252.54,91.36,331.39,6553.14,119.15,22.24,27.17,48.9,1598.64,55.53,4.51,,10.63,4.24,
1.18,2.1255,16440.56,42505.22,110707.02,4090.15,10766.71,306556.47,1067.9,58.84,332.83,5865.81,70.57,15.46,22.19,43.44,1822.91,38.79,4.68,,,2.98,
0.20,2.1902,17202.83,44611.37,129567.16,18529.7,13113.48,245100.7,1434.03,74.21,396.13,10460.22,103.01,28.81,31.25,50.42,1518.35,66.6,4.97,,,6.56,
-1.28,2.13,6377.62,3817.67,11541.72,1386.54,674.05,423319.31,468.64,,329.97,952.77,141.41,16.23,19.74,2.66,527.27,4.97,,,11.59,3.47,
-2.36,,18581.79,65701.66,127049.69,5299.83,15069.52,270692.09,1727.03,77.76,343.8,7237.33,112.62,21.78,52.02,48.57,541.72,57.25,4.7,,8.19,4.23,
-2.66,,18735.21,73957.39,137339.63,13920.69,14511.16,278741,1825.87,76.66,372.93,6577.92,124.98,19.32,47.89,52.81,647.09,62.3,5.25,,,6.78,
-3.81,1.5087,32207.42,74884.59,154050.11,9718.26,12487.15,276541.53,2065.32,91.18,410.35,14151.21,115.07,28.73,30.71,27.15,987.52,34.81,3.53,,7.67,5.42,
-5.61,1.2723,29733.95,127137.26,244590.56,12207.68,26063.07,133346.17,3083.91,60.53,279.73,19161,93.32,16.21,39.34,92.77,644.09,103.57,12.12,,8.65,6.89,
-5.97,,34788.61,64333.24,138108.39,3120.37,13296.49,249565.28,1573.09,76.6,366.35,12404.07,105.83,15.7,19.35,52.64,940.98,61.12,5.34,,7.49,5.84,
-6.69,1.8379,21986.79,97418.13,187698.08,35012.33,19714.55,193903.86,2246.65,85.23,350.47,12674.03,124.34,18.31,31.46,70.27,823.17,63.82,6.62,,10.06,7.08,
-6.99,,16773.43,93173.91,208192.17,24702.12,26977.46,86636.17,4516.78,132.75,199.13,19592.02,74.29,20.01,35.63,59.62,438.04,161.02,12.03,,5.06,14.24,
-8.01,1.505,13629.66,84759.93,183340.95,7201.96,24050.28,157189,2981.43,92.65,281.83,16514.11,88.95,20.18,37.91,43.74,535.21,108.53,8.38,,,10.39,
-9.06,,14889.7,73004.26,155961.77,5242.41,20532.57,202124.77,2488.6,104.83,215.87,13775.15,87.6,13.32,29.57,87.57,734.04,89.82,7.1,,,6.99,
-9.22,,12628.45,69745.86,151486.95,5240.91,21697.41,197700.17,2506.25,122.28,226.69,13210.7,82.21,15.86,24.97,90.57,765.57,88.09,7.64,,7.45,10.43,
-9.68,1.144,12427.18,61219,168915.2,4907.19,14855.49,238167.53,2007.45,95.63,269.28,10249.34,111.77,19.21,118.84,66.28,882.71,66.4,5.2,,8.8,6.69,
