Nrm,nfrm,xpntl,Wbll
38.2967216,54.59224255,4.951046021,9.523267829
31.32829654,25.80508048,0.120301413,14.50157903
40.17505115,55.94499476,4.433883847,8.60574405
19.92129619,67.46413429,10.9216945,9.020560431
4.279098036,-6.557479629,0.430348587,2.731998825
12.0207773,42.94997848,0.125978921,8.421387746
14.92245351,55.68040056,4.57721719,13.38984086
15.59166744,37.21134338,5.303203802,3.844180301
30.91611375,46.27336228,2.744963896,1.95131034
32.85776114,66.86426705,5.539771491,16.60397837
18.38053264,73.30145134,2.09601007,1.921834875
0.79018315,79.39568571,0.53852557,14.61159815
12.72940219,9.683213394,1.998369803,6.372162896
21.11492994,61.93517597,4.314566999,3.841575626
30.63778665,60.08947318,8.70287856,17.88005464
25.51422975,63.94765536,4.889721671,18.48830126
23.50163508,22.40802519,7.469138437,0.518441711
16.20430986,35.18009897,11.15123953,2.354321643
7.26679759,68.87441279,2.212730439,12.72709044
21.58993396,46.75362928,0.431578008,8.100340405
36.81650409,22.94804758,1.877328882,5.463043003
36.88218104,64.84115407,3.79589882,6.627245354
14.05921906,65.94745096,2.291843672,5.077253381
36.89371551,36.98814256,4.249218671,9.31017868
6.36023605,26.43838787,8.400007486,7.458094258
10.5818143,54.41755628,7.259038817,10.40432471
28.41987636,-10.76695618,0.491994128,2.058705864
22.1811232,26.96775185,5.726779378,7.774062406
33.85630652,47.68465842,6.384667414,7.966963384
31.07023792,84.37718669,8.061887952,4.622916608
17.73139855,74.40044683,0.046458947,15.03906017
30.1208692,53.82052419,0.401335082,3.171039647
23.91650736,17.01953745,2.573067597,3.490736284
36.06179675,-8.117795771,4.597582621,10.68654555
24.99541739,81.17290755,3.418831879,6.940827871
7.391524118,29.04670286,5.763399321,6.765059114
17.87328463,33.40800834,5.011622342,8.265122664
2.559436154,80.88183628,4.583805445,4.408700744
13.67524389,78.40136249,0.306111164,3.202784643
13.26766484,85.85229629,6.007351065,14.98136595
11.80893621,27.18926979,19.6607587,6.018105595
15.48778358,4.409436055,2.772317075,4.73835014
34.60959525,70.57489186,5.81054715,9.921190721
30.88913445,4.417624336,1.5636151,6.393121464
32.54858955,74.02590822,14.05135151,11.77894737
22.74535477,44.96076751,1.260572225,18.34461591
28.51247511,3.348898899,1.991476933,13.90129093
19.03154578,48.68097276,0.607858118,5.864337471
28.25462962,31.54294408,5.628056587,5.480124511
18.8818712,-8.337994747,40.1551937,15.26224062
21.03820266,-8.701529436,3.896799749,9.007860315
18.58755287,85.03630614,19.48048117,7.732884882
20.96430423,64.75340159,1.019088291,12.96379017
-3.810167105,2.981396287,0.596941126,9.873347875
7.243571588,10.94253407,10.79697353,6.099922965
30.7947841,31.37019012,30.59126369,4.048950702
22.48243144,78.02030308,5.50184618,4.768875657
11.98247465,87.95563724,0.180190285,12.57245149
26.48258839,70.39926079,5.689388299,3.262342959
18.06563716,6.254750827,1.628954071,3.724404035
23.54093359,31.47851856,0.828815102,2.669397019
30.522924,62.32578902,0.169271745,8.177646721
15.02194937,65.73248181,0.91481758,10.87127094
38.75240978,83.05869439,3.471926277,9.088913218
32.98971596,54.65113647,4.766592269,1.793781688
44.47294612,78.39487822,0.02072338,4.719413847
12.52760058,17.76213584,6.743298927,7.906283639
17.3606178,50.17091978,4.272678988,7.458618674
27.85585193,60.50624241,2.642799909,3.913167242
29.08324955,34.98211236,2.232036064,14.32937875
17.8288989,26.78618244,0.112450733,10.85251961
52.27162145,-8.152925538,1.594568547,11.05364432
17.38093104,1.661488448,0.659201459,8.883781698
27.94414645,19.93957061,7.81975246,8.122437455
15.31155792,52.00307801,6.305831191,16.40933395
14.91669057,59.60480281,0.479891864,3.646289382
18.78638085,72.10084308,13.46409219,15.5905452
0.825293914,29.38944249,2.86506169,3.365853008
19.02350461,87.3627368,0.104655996,13.65891409
10.02018537,76.35940694,5.033410117,7.674763636
27.85674956,2.601956052,1.064808172,14.79500007
14.12614946,29.46676948,3.124301285,12.68171589
17.6613194,84.31822095,13.75233701,6.281716321
27.33085297,74.17334801,1.640629794,1.780932815
44.10857749,53.92043026,11.74498697,18.83206897
36.45780555,47.50226297,2.224475531,2.291596318
26.60194125,58.91570813,0.479686912,12.9810383
9.564455639,40.28844665,0.929189513,4.028472742
38.71669608,-9.621652926,8.876472627,8.783030766
26.13579894,53.35703028,1.545048225,5.920103316
30.71310795,35.32338933,4.472445055,1.057853564
35.01664447,16.65283098,3.373342208,11.6846375
31.36145944,62.77718296,6.643037502,10.35166679
18.08082858,9.322298632,1.719366855,7.026631954
31.21064054,44.16137362,0.057901798,6.515674695
33.42154944,63.46122884,4.663372454,6.009670364
27.4847316,51.30019643,23.66351122,12.03455714
27.86128122,26.83728085,10.29936544,17.70434624
18.88290263,19.26716188,2.694207116,9.754634956
37.92348528,13.3833307,4.198180199,1.261088037
33.93239023,21.79172112,2.109295549,5.127020841
26.80119826,34.55663217,8.139846241,0.457028065
32.76180554,28.97701241,3.055554798,2.67255938
14.67445824,64.30335514,0.975113523,12.71142561
17.42815098,12.15138935,0.756099278,11.31579941
18.1438671,20.53284467,5.889916993,5.59984595
-3.81255548,55.55763514,2.785504741,18.24151388
24.76390964,65.76164645,1.056221381,8.276798038
31.76494759,0.219864177,8.398939976,14.56832085
-0.360612208,-8.640485805,0.15549361,6.84866804
16.12080486,34.50218578,3.046529922,6.938081281
15.64191005,8.455646748,1.102636014,12.30629314
24.03943453,53.71563657,1.458464494,6.17893888
13.09083306,21.06653171,3.11283387,2.299012396
19.82145959,33.33981243,0.837668616,5.83769301
10.35882536,59.63915657,10.85821366,8.399436941
32.29517701,19.95021222,5.820858534,10.80996814
6.300145946,11.5781925,0.173904023,3.788923433
20.61585536,79.42440306,2.67509161,9.024618257
19.68748047,6.640977377,1.742460224,16.62453674
-6.371548523,78.9213372,0.31165445,11.32454719
31.76854875,30.82433644,10.23027228,11.5203612
0.014935669,87.46795043,6.02343773,12.68239459
39.49571375,8.142403478,2.737061158,10.10765363
44.32124726,32.58169928,3.681220431,12.33659254
25.33435641,-3.856847843,5.830405392,4.865681805
6.965688686,74.37936332,3.218742614,1.344360082
32.85637402,70.21805445,0.339755367,13.30568869
5.887635309,72.57852078,6.025632503,3.944985222
32.49602161,48.247191,2.793238091,3.655189986
36.41802246,37.02539109,18.23154609,9.831641949
4.583518755,19.81111941,0.336906577,4.329462088
18.32198366,-8.236127103,13.74479302,13.14678198
41.69541951,7.416444586,8.582925172,8.250328866
35.0273989,51.29525833,0.680122194,6.135384907
13.24210928,67.1006577,4.693809342,6.650885859
2.539566917,49.67239647,1.214355542,2.988466389
29.5291672,-1.987113466,6.033176756,9.65491081
13.03759121,-10.69550948,2.179414839,11.54050269
19.22240123,8.895727864,0.176005026,13.61972078
35.62585793,66.91356293,1.816710311,3.877796692
16.54439993,20.58928468,5.524485968,13.56443076
29.6362501,62.42295684,9.334124121,13.48942917
33.72450399,-5.254126771,2.509039848,9.643946754
8.320996648,-2.218522935,9.371757032,10.82981909
25.807962,78.65879907,0.500110863,7.265595653
20.09999673,25.27196972,9.719658299,5.422536413
24.11496641,66.17964137,2.708336324,2.733563794
28.86696231,17.32573336,1.446308108,14.32911304
16.76319693,46.67338395,1.44693784,2.746646763
13.93907292,85.64388797,2.462898146,10.58535545
16.53082445,54.56507673,0.04720941,5.962173121
35.71264467,44.05262606,6.536718994,2.46048643
49.32474238,76.23636731,1.375422718,5.307102617
45.07671904,23.0420326,1.160340985,11.46901145
17.815189,-2.908870171,4.248414567,15.27064404
30.45979949,17.76205987,5.976413012,12.50563173
26.73163171,85.88793782,9.948034603,10.16330819
27.37379337,29.57163622,0.396790692,4.0275862
41.91685038,72.65474751,3.987054823,4.839332039
20.68045913,79.32898056,5.908127567,16.60480396
35.07980945,56.42215008,0.016725931,9.096892765
29.47533225,83.33555184,4.64310768,8.289030008
21.30121644,61.46728749,0.294980299,13.71393095
17.51890181,-11.00456676,0.442192324,8.062992675
20.88816057,75.12684438,12.26634203,8.348140637
29.93974676,76.00895717,8.065531822,1.487908621
59.59444774,70.00605616,0.020479346,15.61459049
14.80750141,15.38093773,1.209294421,1.287974308
16.01093841,67.08213269,1.76922204,5.749958831
24.48828144,-9.900446551,3.344740723,9.635087969
14.11123446,22.63105299,0.403013511,15.16394527
21.97378171,30.14248552,0.046308944,6.215374387
16.4106501,-2.690608043,2.508607975,1.346714098
-15.33289814,31.51664404,2.808914077,6.457779034
3.311505784,65.25668957,6.379729714,12.95375526
39.37623097,18.47967392,36.78046217,11.56979835
41.99215624,60.16915111,0.096717526,13.38938699
23.45878278,28.25366642,0.327882695,9.078580566
30.6705031,65.43534634,3.259956737,10.51305725
29.93908316,82.77741614,3.320868139,7.610291374
15.25043195,42.82633852,4.034953397,4.762170311
14.64140661,24.43021281,1.344875669,2.321310759
18.92621215,0.59147462,0.183318707,10.41192122
38.77420835,47.13129039,1.172151596,10.94822841
18.20088188,41.54186096,5.875730831,3.553704825
30.44779474,51.63479572,5.727989832,6.620502323
18.19106673,22.80298507,1.429201143,4.271319296
15.83799614,73.27129947,1.498804349,3.074492544
24.13511148,69.03506744,1.163028677,2.484869652
3.859485108,42.32087695,10.76050906,11.59508561
24.95625887,19.59536361,19.35017313,5.738093655
15.03715063,66.23010015,10.24163892,6.650228247
22.17261349,20.73477929,5.325509014,25.25484351
24.53586265,67.70629246,1.716430392,5.746165394
18.46653108,56.91511506,3.826725012,4.031485769
35.26013207,-1.073287905,1.214503531,12.43981442
21.17412313,27.79245671,10.70078454,12.56963605
28.13886907,8.55754778,2.04238721,14.07040038
39.32437502,74.43381062,8.909603508,12.09933547
18.0835911,62.64788316,5.361514971,9.947527448
34.45435325,63.999779,0.272433933,11.55029513
12.21621278,68.16620127,3.548373687,2.049174435
23.38076926,36.20254697,4.468113334,10.06906978
25.92994391,2.674752881,5.67723788,7.911560111
26.79054341,80.56541207,9.554898412,2.008943249
-14.78359992,19.28210667,4.821502865,8.094098732
15.75350396,72.00362842,3.45719751,14.04733689
28.31800655,-5.916995637,8.225743344,19.48846105
2.542593829,11.21760179,2.384959578,1.283855635
15.89398105,53.06227974,8.458645214,13.65530273
19.18352297,46.07278983,2.417900984,2.556197561
22.90267494,14.49312844,5.423331086,12.83675192
6.578218682,82.28781315,3.771079649,8.130857681
23.63494055,30.68082518,0.836368859,11.35948331
10.53166272,4.248881351,5.978034418,2.616083864
23.44453186,35.65772903,3.100523199,16.45130629
10.77217453,-2.270470828,5.821140795,12.61548717
21.06429058,11.96599769,4.524047789,8.376983681
14.92312157,82.40284849,3.157535298,1.989100252
7.033160374,87.80238792,7.410869735,20.60297166
4.85860928,4.256062058,10.62178305,10.55462204
16.59734739,60.37669171,3.125022792,11.33300522
40.85495554,63.86484018,3.484235639,8.5257184
10.42469696,37.41723661,1.596768636,9.123563175
32.69340684,9.180713736,0.543351991,13.30978111
36.66075185,39.00825166,10.68528295,6.495881725
34.30768941,40.40793268,9.5883366,8.37987492
27.44188603,-0.571107434,6.504429015,4.770468605
17.68523422,-4.186265578,5.00125444,9.750829977
30.92639068,3.973741515,1.523400611,2.211666615
19.22986588,43.74191562,3.94962988,8.510237904
46.00576391,55.0185192,0.980451868,1.434269042
12.55284821,-1.056948246,4.87092944,11.8003736
24.64149181,68.60595307,2.298585129,10.21783478
15.44807722,51.43138053,2.187879826,3.668915541
12.324471,75.47072162,1.920674274,2.449004422
36.49573431,13.80101062,1.298613972,12.51115611
3.594065444,50.53941499,9.529099231,3.304505786
3.577192985,4.770776594,14.77603685,1.225064922
28.57040885,41.50324733,0.775025394,12.54418094
16.16380544,86.28384419,9.799874276,2.646858708
17.73867525,31.47399771,4.235079051,3.443171268
19.29960597,28.59830178,2.017863954,16.36053248
23.62769116,20.2705969,18.9374088,14.54047191
18.09365128,54.94756551,4.243078786,18.96753997
13.4074474,11.61403322,0.43587591,3.702653304
24.97775414,71.65444189,14.28394455,6.909811476
31.9330638,42.41835094,5.640984671,10.42270642
-14.02053235,66.87056216,10.78499946,15.19224365
33.90282464,32.83492835,3.248576552,12.32482674
29.34373597,28.1898545,1.195937874,4.557947254
34.05329173,47.82987881,10.81568132,5.34672614
20.52524016,83.27225913,3.295905297,5.385234188
15.60519318,44.53283237,0.900150352,16.05695184
15.04691538,50.49479377,14.73313589,7.923843104
8.116843985,5.778432998,0.191107342,6.436596375
16.54142943,21.75142326,1.302506519,3.529736398
2.291751908,21.4618642,4.826086755,1.854703625
19.41695995,-2.153867519,8.398150289,6.506494791
7.211183138,48.71007519,4.11315206,4.749015822
8.700075279,4.993006808,9.197236467,3.042572339
31.89844815,23.12946186,9.564141752,6.847703478
21.69064559,0.287265854,4.298855956,9.408161788
22.12248172,87.00480674,1.601523869,13.94744411
37.98776939,12.03663539,3.186734591,6.454404636
13.82002434,-10.49227197,1.753639709,8.738296221
31.32790338,51.46893536,1.538006861,7.694164611
14.10307467,16.6122767,0.635663767,9.835019884
13.56941049,-0.419814152,3.434706929,12.27389119
6.425619947,61.54842571,6.192235048,8.245946088
15.40494168,55.96850986,1.879172279,9.891611692
34.20165279,65.88476604,2.909001719,9.091439542
28.03464093,51.90275822,9.743085745,5.537003168
10.74130746,50.00101671,9.425845546,12.79866019
19.17670932,-7.043338765,5.208539567,14.94086593
25.16853806,84.15962498,7.743065413,9.979098562
30.57083536,-6.92285864,1.947259859,11.27638661
-0.612113648,13.60083389,6.421925886,12.9622278
-2.430787701,51.81587537,1.378017273,7.487430254
44.05158785,62.53876026,1.614452351,8.207964277
15.77038166,51.61535059,0.579182575,0.721693268
20.31387061,-10.28227996,0.838703434,1.376539833
25.06913772,47.88583809,1.137651645,2.564866403
17.77498117,27.14892622,1.0200417,2.374807524
26.7706755,49.19868143,6.124331211,0.715017652
22.74477364,43.69318093,10.43933154,9.156999912
15.56995728,16.28961757,9.582736045,13.01357236
55.65025398,47.33347386,9.204477667,8.25161444
19.48584925,13.50262667,6.77869705,12.37366902
27.74427816,74.56238695,9.243788542,6.633551072
15.88619204,11.90837523,1.228788164,9.021698355
4.153067037,2.128002431,19.48163877,6.704604561
24.62332347,2.520924119,4.845596337,14.73757746
4.70949801,-1.595913934,2.635158289,1.561229412
54.24748985,56.44777756,4.841576605,20.13927511
14.27177289,-4.090484663,0.788001958,7.662982013
26.15968903,23.23009291,1.202853757,10.08502256
-1.038490727,78.76736923,3.048118616,8.046227638
22.24871626,66.34176759,3.257583787,9.636764472
49.35473758,14.52470332,3.160664905,17.74190262
18.1966817,86.49657768,6.548567805,4.077723613
27.00844588,-1.482707204,29.96928207,7.829174631
10.33827607,32.23597185,8.305052466,16.57895863
7.643526736,65.40477063,2.523176104,10.01518922
18.42082001,25.62408197,21.33489491,15.4586806
-6.700220308,28.23975567,6.930668852,12.38170949
21.30674111,87.39414472,12.36110098,11.34451585
18.67390006,60.85619045,0.016318465,9.774402822
30.74797787,16.03622033,0.436443135,1.736296794
21.29836211,2.474274265,0.846892353,6.158807317
37.79545732,-8.822150005,9.465971877,15.54562267
17.7721875,7.674942736,5.875989599,8.544519604
21.8809708,25.27446112,1.222355386,6.990922671
12.82457576,79.91881034,2.663577741,9.603464474
28.02048732,48.83814004,18.70089643,12.80348755
13.75377262,29.93194865,1.057603203,5.248772484
15.43729065,16.89204153,2.747990792,6.742385026
25.390823,60.39858282,9.75393719,9.046105502
37.14734183,-10.88563624,6.133267875,8.482654054
13.96524262,7.422775228,1.246989006,11.38252998
22.194927,35.47311275,1.959007266,25.50856975
15.19365701,15.81283234,18.26998419,9.45689899
22.64882026,-2.473374655,0.111195913,11.00188302
21.91113558,57.22620393,2.436122159,12.83320541
28.17422339,7.502447406,0.305882741,4.410890361
16.2052148,63.54534152,1.511506998,11.43975892
42.68880217,-9.212250601,2.849953058,17.21080423
29.59653257,0.11379203,5.56279287,7.883062098
-6.71104929,42.1083728,0.774052389,8.106736427
20.45679681,67.18514754,1.38290619,2.85347622
23.79097808,-1.241244085,2.985497671,11.25886691
25.86410157,7.360161503,2.962782173,7.267426785
24.47452609,69.99425531,3.776499655,8.383358714
26.82906452,16.9145903,3.605624484,8.496162505
20.15414479,76.5882437,1.889292693,0.349060838
18.70400211,84.24083887,5.032983055,8.982189077
15.42869859,17.99304859,2.198198363,15.74288684
45.15611415,79.38800374,4.902815386,12.75825632
22.40517319,22.47270226,18.92210799,12.51078816
10.25048219,81.61883753,3.542868655,8.543707374
0.008735717,51.06117482,2.341917471,10.2634838
24.94493977,15.12006599,0.563647825,12.38274524
7.0765282,28.53961234,2.923132856,7.742747054
23.70835213,-7.191153279,2.09370522,13.99348795
35.96436883,36.43853679,0.548938286,18.68702737
12.23082804,74.1577468,0.835645648,19.2208962
18.67993257,-1.99167257,2.971106232,15.97423471
35.37582025,54.56106028,4.374855621,6.952936211
10.2899072,49.91931774,3.108437257,2.126737214
9.628225711,64.11971933,13.87394324,13.4290716
14.30359104,7.386264589,17.90669504,11.43398308
55.40815401,8.470882393,0.714312976,3.54346731
32.68689521,63.7350222,2.202690165,3.970835587
7.772092408,47.57414457,19.56608604,6.760568559
15.41979541,41.20050064,14.53951474,5.189830417
20.09979879,-8.514365892,0.301968475,10.18426359
31.86867757,63.96708077,15.73336262,10.24931548
33.6623863,24.21349384,1.461906938,5.3955113
35.34105762,-8.373706753,4.135926865,4.263973883
13.5850023,86.94438172,4.352997024,3.950192502
9.397231758,84.4942028,5.397995803,7.149016787
10.96465857,46.18793082,1.533767057,7.533050161
18.9158539,32.72136723,1.865917644,12.78661681
6.246742791,41.81810693,2.154052882,12.36628535
16.13912267,16.06101481,1.176665195,3.608181656
10.69300037,26.65991093,3.53724765,13.09779148
16.29461517,66.31149998,5.963327042,26.49039844
17.7936753,8.200246223,19.20840147,13.49801974
43.88918084,13.69691003,8.4675303,3.759463688
19.73450309,49.91044853,7.998783979,7.50443065
20.81795718,65.57508855,2.02788122,3.520664208
22.53667814,-7.030240901,1.327808618,10.30058072
14.40423163,78.42112946,0.484870067,17.51070976
17.22074433,36.96933693,0.334579523,13.44750709
28.16686197,25.04904052,7.295792652,5.328158426
34.15653446,59.96165307,2.439658258,9.667741618
12.90989631,-5.563448451,10.50975061,8.670856831
31.44301088,69.81741505,3.693412514,14.75262565
35.43630114,64.20400595,1.8362812,9.705216024
28.15041014,82.61620452,4.917551884,1.957005513
15.01531108,79.92257351,5.548722435,5.861213388
33.99116827,32.3773208,1.162220784,9.552855514
30.42781782,53.25954262,2.230252409,4.163770062
34.81004755,-4.140401271,3.986714812,2.418508308
9.408407982,-8.669251635,4.66746494,5.374190124
33.16618005,53.6158488,6.246078172,19.90303058
21.97184116,9.717818687,0.873202574,15.01831733
31.19022428,58.55295536,4.825157921,7.070456425
31.49767551,33.60531869,3.29264502,6.698112746
10.01016328,16.96121028,1.120657327,9.919205312
14.64951108,-7.635346021,14.90794342,15.09457677
17.07374451,-3.102511296,9.292691339,12.84249105
7.696018127,24.26156501,0.749858152,13.33811965
27.51972459,60.54095455,2.514379623,5.992357434
49.23425629,-10.189663,0.880298514,1.981537552
32.3097877,87.34764591,1.578370172,9.15859628
12.18693994,26.83810574,1.605050577,6.186203379
26.19319253,38.05625258,2.279047645,0.783263943
30.22246133,47.45263614,3.081813687,15.85561555
8.450925354,35.71426162,5.81488735,9.915702541
13.27647614,87.31798815,3.377631665,12.82097196
18.48021982,85.84299601,0.489142102,7.578390219
40.80810611,66.66202872,0.554941907,15.30565605
21.40397166,86.57845677,12.66909785,20.67975261
22.23037596,49.03829527,2.128661221,14.31042196
34.08650082,64.9288962,4.464911862,23.29318728
31.93358205,45.97857884,5.189755074,3.247958661
20.39918275,-10.1466555,3.405126766,7.802558715
9.013206567,16.29893397,2.135475243,15.49564186
30.79955771,45.68912761,2.531459122,4.975559254
16.32354316,73.09251524,4.509648122,7.592663161
24.56170521,-11.69850066,9.706096034,3.41428766
15.79799963,60.90528102,5.120522394,4.152301975
13.83961908,13.42367296,2.239083887,9.994091213
18.61683227,13.43245775,4.700810523,8.931374327
17.94606259,38.77520732,3.956167376,9.199965709
15.74795039,77.95528691,1.015332311,23.06014436
31.79677288,26.77755939,1.403659228,8.374751594
21.12696582,73.18427401,5.06650689,4.36871131
33.92493081,61.28879568,12.88270079,4.19555144
33.00150905,27.82659632,0.17886024,10.69922344
-6.226155158,64.67890931,5.0265565,10.97190285
36.6368238,45.36004715,3.737191907,5.462989313
3.694750994,53.57042405,7.622462757,9.564968488
5.083669339,30.76514188,4.423476453,2.387343282
36.08660756,73.78900681,8.609215321,3.728051741
25.90824856,29.91466251,8.260700469,8.293780238
25.49945889,12.24127907,3.717590513,11.33455993
12.40726744,45.89542722,0.778403589,0.94629173
22.81033255,37.87718824,0.402323056,13.05484159
10.43195217,1.1861242,9.315382194,5.578628386
-1.871169745,87.99126713,1.072022293,18.89229733
38.95719964,45.12285088,0.297480561,0.563111332
18.11435451,-8.127516334,5.854808381,10.44975403
-5.817769175,74.14737475,0.641730719,0.769570403
21.22279456,33.78502006,7.67863431,16.60407337
4.967494457,50.96773367,9.93492132,10.33324012
16.32046679,1.511883933,2.001947637,27.40521493
19.64670393,75.26516247,6.68511034,10.80281719
9.58387714,24.56861018,4.766893852,7.535152777
33.76028099,17.07010785,0.427739728,4.067788309
34.6525836,12.35994586,2.945551283,4.074699037
27.95460682,71.99304466,22.52164269,4.294651797
21.73107664,7.505341584,6.694264905,7.545597938
12.74632098,63.76815656,2.667903474,4.835406261
31.21934652,57.67472173,0.075578258,0.822573576
25.22732548,0.783330237,5.154462764,5.6087552
34.17301887,57.72638469,0.711452069,11.22869965
28.86702008,41.66774544,2.31096837,1.847440812
16.78533154,26.9006081,5.25932326,2.03176889
17.54356817,84.77295138,1.907842869,5.035969392
20.10415751,31.56229824,8.501983601,6.816366665
10.68707147,9.4229743,1.241924206,5.72883823
-0.410145079,28.76560985,9.3045237,5.161012552
29.47393235,13.05748847,7.916469723,7.558879079
29.62937965,53.2975166,0.539471971,23.75653012
18.50029134,62.69218669,0.940697098,8.684142098
29.41363926,32.1794558,1.537455862,9.131697638
26.18346775,57.95144861,4.102903669,15.90618493
32.40306339,-9.921969276,7.381658313,4.658635613
9.0708104,43.19513835,7.135597222,7.404027958
24.14641745,61.31992981,9.15525305,8.377589631
27.7658755,1.75112487,9.64647049,3.956750302
14.0977862,66.93173569,3.819208345,2.538898151
34.07717417,81.38390478,2.065593626,11.64708307
36.61136694,18.36084569,3.166366895,17.80452557
20.56737465,54.73062618,0.068984743,4.254267907
15.36037561,39.21884118,9.206257121,5.277936023
34.50720982,84.80294448,3.32509452,3.155470528
28.63898012,87.69376347,0.714052699,4.770152264
20.01487133,14.24591824,4.772233189,7.778338057
31.13708427,55.80709864,0.962121343,9.945869097
22.80605506,78.42414981,3.334013736,1.777120728
35.89975926,-2.372958989,0.054114444,1.089214031
11.56989359,82.2311774,0.930287035,3.858011015
23.04999428,12.63167747,10.09399017,15.75768874
19.00881157,-0.462943281,4.515785863,13.562148
16.93671507,5.659560777,1.672233614,4.549113408
32.16494975,74.83208697,10.2560317,4.924409812
8.484761788,3.528891888,4.661828246,5.545160925
17.52095683,0.51209958,0.305065732,3.101050931
17.48948052,60.62367681,1.466871619,14.23766785
29.45582604,30.5062181,4.772386716,7.633059057
25.76719074,19.28356331,0.679643427,10.01762007
20.33684204,84.03865959,12.29412003,4.215000072
43.5421739,33.01022755,14.21282489,14.45080213
26.51181716,69.60045734,3.852895149,12.96386108
24.47914845,56.34067614,5.271285595,7.668648909
14.73619698,7.327979768,7.302842177,21.24686039
28.58259713,56.81943201,2.399671013,13.17573234
19.14703322,1.690120727,7.327892007,9.845365467
10.30041056,5.526025651,4.155349871,9.109609712
18.31998655,22.12026414,0.751866121,6.958340601
23.63233005,48.73811585,6.264386005,14.39552209
16.58655392,60.04494996,4.398049895,4.674693217
0.521748946,69.96954597,15.43260045,10.38759106
3.486857934,13.85792791,12.02257632,5.517612539
36.6330014,9.835625172,1.980183006,6.228923456
40.67779447,35.77643646,0.102072917,21.51755323
21.46625125,9.849867352,0.064257005,2.319700929
50.65454956,4.896701604,1.326593328,11.60734117
25.61730025,59.02692304,3.020782759,1.890338564
19.58970341,81.12288237,0.063510611,11.71936069
15.04726875,82.08897494,7.387414537,13.25485105
20.55451718,13.99998957,6.473700139,21.95890245
31.79395092,78.03545248,4.941798276,2.677524822
32.93809032,31.72691326,11.86705052,6.771168484
2.035249144,37.5710968,5.684536765,14.59232889
24.85926781,0.551011285,2.471559155,18.06681476
30.710351,69.35739579,2.780384582,13.01532526
7.983426893,42.64622208,0.060704757,18.02992371
45.18472261,47.69876321,2.286924587,5.776100524
30.55021056,78.71661499,5.711788465,6.156531253
19.14818143,-8.887302003,1.759661722,11.08179015
39.70189861,-9.233544965,0.356611629,3.830319506
33.54874435,84.89041956,7.896247461,10.89202563
-5.517883808,32.12684047,3.624464557,3.194040561
7.358465923,11.23456118,12.84071644,12.77514983
30.58087884,26.67544101,0.147262774,10.51884254
12.86699358,23.7351687,1.719232823,9.970597373
25.24152975,62.22239759,3.67143672,9.727100828
16.99231513,72.09806557,1.972518,15.1856506
36.25462106,86.49263767,3.557700771,14.03005741
32.34108546,5.799236323,3.419793316,11.09783049
26.98185925,-0.509659027,3.128387914,6.016060547
25.32483656,64.83490382,6.786081674,12.79458584
15.23894853,23.63030523,5.447240467,2.442501501
19.19588817,26.19576406,0.063932642,8.819590994
25.77555411,62.81609285,4.083643418,5.883432672
26.45693103,-2.729464381,7.423812064,6.337257231
24.40346394,-0.685790333,1.017337863,10.89915063
-3.05847345,86.60655626,6.703253374,8.186964277
43.25191619,28.39553835,8.925917893,12.37650546
17.20715439,22.21086657,10.80385447,5.643168275
21.42446073,30.22514764,0.713021834,9.521113931
22.75571349,5.265110207,2.997212419,14.2725868
38.31356942,36.31336092,9.046055367,5.675372443
20.65317335,45.3656355,1.031763228,5.598189662
24.34090869,76.02797515,0.235067629,5.019654741
22.8801854,1.728835271,9.063993067,10.76114333
38.18202222,69.22564713,3.246961914,5.438921415
19.60427078,-4.70094228,2.381222942,12.10613988
34.868359,35.69994915,19.15457952,6.604517693
22.83244526,67.85983505,15.50349243,4.275242645
22.16786999,-7.059337118,20.96101815,3.886755493
22.61471709,85.92967637,14.67267665,1.437538519
20.35373151,83.92923806,0.592511496,1.982480585
42.64617977,48.40122183,4.906905477,8.165866758
14.23305488,10.98318429,10.55135687,2.483890194
7.70856248,31.02952688,2.552115826,11.69367628
27.38433956,84.95645049,15.47408178,16.24389272
19.05150449,-0.148552086,2.504275744,13.83081428
22.74100396,34.43485164,0.905423084,3.706229696
11.30805886,59.86953705,2.334174369,0.488213022
10.40419999,-11.58213214,0.041644971,4.398631286
8.9741013,84.87628702,5.522251771,6.277038055
26.73722022,87.42806489,17.98377605,9.814374723
26.29918235,37.55265357,2.924479521,4.024371903
16.38648332,39.30486742,9.643562221,12.86144208
21.05259455,53.83949295,0.605528033,9.227282238
3.653031009,8.878844894,2.257113943,9.231292123
16.63287115,21.29287954,2.120019157,9.16247752
-0.698510132,0.379213935,1.990791405,11.30821537
15.7962071,62.81815892,0.282304269,10.72152944
45.62898872,21.62084872,0.122343213,9.387106288
16.23631076,9.796383243,1.034285454,2.939173404
21.97162659,27.90343283,5.564493414,16.32805419
11.4595647,68.12761781,2.303757053,2.463520526
34.67744095,46.19677953,5.63413816,2.265184166
24.95906486,64.69898956,11.93695818,6.232653741
20.99363529,24.01038083,0.289421536,7.73142973
23.37074011,30.24201157,3.011958749,6.413187468
27.66493102,48.2457029,6.251404681,8.085350571
27.80629539,38.79603558,15.69688726,11.29734164
34.44783109,23.56268872,1.468345302,9.613240258
20.98646795,30.76017472,1.926630216,9.901904523
38.26493011,12.30455666,0.029720464,7.091612081
32.59353603,31.29641336,1.580738544,8.53176075
6.173636406,56.1023042,8.539346791,5.058084526
22.89169626,29.28059216,2.528650805,10.80989359
26.08400814,87.66621795,2.747449419,5.514154198
1.588187091,7.193602749,3.112743427,5.314403826
19.59240114,62.69214625,7.572467774,2.043449265
4.97014105,2.701650594,8.669569268,6.907724521
43.75598863,39.64361789,3.645762466,6.450788535
8.534861594,50.02526484,3.322372805,3.679151871
-1.886507496,74.620119,3.698464865,17.27900564
23.65763,15.70893432,0.149047619,16.40728728
24.04096811,78.92445904,1.299978611,17.53969818
23.83122209,56.35935854,3.829627431,8.774931919
49.29752322,68.58992252,5.708011039,2.311614245
12.87235726,80.10256655,7.164928251,10.11456072
31.59041941,77.61569918,1.918860005,5.59566655
21.87323433,86.54278574,1.524523397,8.980432243
46.4710379,45.9379542,1.711731536,5.438867672
8.407903196,13.36835645,2.948029286,2.341934294
27.13262113,78.31106688,6.578293773,6.686786523
40.65179104,-9.671949305,3.787759566,8.070225524
19.53741342,71.43992343,6.104264632,2.904397032
-0.336644243,50.51012336,6.353833168,1.953271386
41.84950881,86.20496619,0.68836886,11.64253303
34.02135482,38.34005255,2.80948438,1.816825741
9.11249005,47.0863131,0.071465867,8.306826875
14.67673753,6.95984048,0.022275229,9.541426774
-11.51018507,14.91813305,1.18509976,6.101802665
0.587820327,39.39852227,2.140226313,8.576790262
5.944242077,83.83984499,8.936025034,10.38059559
17.05477156,47.51675768,1.426732158,12.68301246
-1.610985322,12.57253856,10.76654855,7.07542879
6.259073685,54.0714739,6.743632634,2.315852387
30.88631043,52.9236765,8.984353458,7.964408127
33.07672981,12.97605775,0.816312961,6.000406851
9.108601742,61.39992442,2.368062681,15.94686448
38.70663919,47.12737187,5.255357595,6.909373489
20.31934207,-3.260746634,0.483663313,7.72274102
32.3906921,61.16164386,2.713562972,7.324667403
22.989476,16.08582801,13.89361594,3.982230991
24.42762414,22.06948403,2.350325715,10.93005338
24.06955335,29.83666543,11.46809681,12.3212095
-7.019053775,37.02583598,14.59230618,2.287336468
37.93394741,73.44796437,2.325770655,7.268279404
38.60786501,1.792736875,7.686624539,22.99140725
7.329584088,58.48738329,5.661236462,2.715733693
18.3044305,73.92704739,7.26011414,14.41666093
27.72565928,56.33730827,1.629678622,3.828560127
32.98675744,-5.43358858,11.56335765,3.651021701
16.90316072,14.51613229,0.698797961,10.25385418
20.9717685,35.26183338,7.000551844,6.482504659
27.72389602,61.71726867,9.773763725,11.58824117
23.5014342,80.74504173,4.189311765,17.13704965
10.64988433,56.41793531,1.005146473,7.487690859
36.20336138,-11.83979361,4.415389027,10.603608
11.9737913,63.33328538,0.035334521,6.795100725
15.95959521,15.23874261,2.766900484,7.370208527
32.3679229,38.36393846,9.91406532,12.32504408
58.96921174,81.09030897,8.967359941,8.68829419
17.99734233,4.465272894,8.158530965,5.284668427
14.89564471,84.69594222,8.241928871,10.21703626
16.94921077,66.63238605,4.706651387,6.883494911
16.6438675,30.75473419,2.384346363,15.72687528
44.34833012,50.68000903,1.970604125,17.86877927
9.584310335,2.313908317,2.313168861,13.82334297
11.51612006,52.51181814,1.996133416,5.051877855
29.02232286,0.170341518,1.518920288,9.552661218
43.57306869,35.66518539,1.835024592,15.5569395
-9.445546296,85.66946721,3.68156763,7.358586112
32.72537924,63.6521279,0.047163145,5.563768679
12.35876032,29.96696582,0.006601328,4.914818339
12.80602623,22.25510121,19.33150242,4.454132154
18.78085135,-6.432221819,3.836652101,9.179128897
23.54126906,22.31197086,1.693399742,13.53346826
19.14136083,76.0084292,3.305323306,10.03085855
6.298081343,-9.967812652,2.708185497,5.467817075
40.47448574,66.22029872,0.565275727,6.386328394
32.18895762,48.75728287,5.121970116,2.803723521
23.44942064,-11.55008796,10.84657672,9.15143274
29.4024636,53.36816075,0.121315206,14.8446435
17.02719807,59.41921157,3.033158029,12.55156177
27.59075856,56.23851056,1.592927298,10.02714138
35.38013396,74.83308864,9.868562286,20.24868131
17.19126306,12.74265164,1.383506577,11.92450616
10.59167927,60.84398114,13.4872741,15.7766385
16.5515543,13.80650309,3.0142925,17.59686568
13.63114076,41.18351816,1.337288511,10.0952436
13.62665702,77.91282606,23.28073302,5.971935195
22.96763724,8.021585631,0.976698522,5.579684593
-16.52173558,-6.939894299,1.941847808,13.36564411
13.24360626,51.94796381,18.76268784,4.164242242
60.89823452,63.25013585,7.460395313,5.961428158
25.04983372,63.29581324,13.05145043,11.79415129
16.9809637,10.8790065,0.674862197,0.492360864
12.26816845,19.46923017,6.900632744,0.604779757
5.752873034,2.035442448,5.812275344,4.698190119
18.17021504,0.899127998,0.54542688,8.171588779
24.24795536,81.22135837,2.891128468,6.433446023
22.56309762,-4.998494953,2.087673062,5.817247597
26.23763246,25.60411628,2.894560944,19.93754667
27.54427544,68.96779881,9.526106296,3.172943353
6.196386854,44.47235822,1.607495218,11.68957297
27.59811111,-5.013629131,9.942333689,8.719013113
25.04496091,15.29647253,1.536908465,8.949528362
12.51324734,2.034007094,5.11760218,5.467479512
28.58207816,27.56927608,4.238538723,3.795344948
22.74203024,12.79987426,4.112100904,5.027639322
21.66898029,-0.213252625,7.579663591,3.385058342
29.28963647,68.44375058,6.915369746,5.828446498
26.75084666,68.45420388,2.212225668,6.995902314
20.14086165,78.88147425,15.34480851,9.040928258
40.32030588,76.72428974,3.515643395,7.31449203
41.11286618,60.64385801,3.797676856,8.425303229
8.502045748,14.08107773,1.466330499,2.984972973
25.50426798,63.27021593,1.352716505,14.56589049
4.625590266,-1.947001357,5.365206394,0.290369958
9.463187819,15.7348815,4.837962086,7.291571514
25.48134762,33.70952768,4.663148797,11.38515577
33.73233322,10.7065234,2.941516191,6.208801037
17.259904,62.42623107,0.070840347,13.31065741
29.32379498,80.99717515,5.754723265,27.41400851
34.16889972,67.14983798,0.882317287,1.971384246
14.08159086,4.560162837,4.329131041,12.88877294
32.14171701,65.75165089,6.650136444,9.214463524
20.15698945,35.82266284,0.166083477,5.054050822
15.38720966,23.99935197,3.187487992,15.32673734
35.67882877,48.59309212,15.21867119,9.497578334
2.94221353,19.92409957,5.389715032,8.794864387
6.076176466,-6.722910458,2.398663895,9.740808594
30.44609523,-8.011217404,0.418811961,4.241936521
25.30925789,41.87275142,9.849580163,6.620529767
13.40494074,51.20366776,5.379676483,7.661195611
43.19704953,64.66012268,5.685873152,6.56227239
30.24677309,52.26532969,5.069453041,4.222799081
26.74272123,77.74980065,3.124279829,3.400600431
4.68377801,32.87052176,0.357414992,6.098932246
14.75698976,24.01409676,3.109110521,3.741748299
9.455758177,13.65717644,0.220112152,13.48241974
3.328392116,6.998062867,0.618241159,7.762552319
50.61338252,4.107121413,5.92195678,8.58248517
29.00637971,15.64648388,6.882567801,0.920407776
44.12852592,5.875596858,11.32295982,16.78303926
43.24955667,15.47159719,4.774935134,17.00373101
46.17710356,-5.111305172,8.483830783,5.120964049
10.13564815,39.50449092,0.925850696,1.47505943
4.574402808,62.32077194,14.73938614,13.70312507
16.93215341,86.72954178,1.004528795,2.310369666
2.744492095,77.18919414,5.6844691,19.89678018
28.63565152,15.89283718,17.22001318,7.388503021
26.29252459,75.40726786,1.85559443,16.2939991
24.54779191,18.5809486,5.583087127,3.953127033
25.49956775,78.91922159,15.70840072,4.89380178
-1.113158695,39.13491674,7.283919695,16.14485761
31.36449907,-5.451257586,4.054540008,3.218590025
25.59951447,79.41889159,2.243961622,7.316526605
24.4000319,4.969398549,4.125969838,9.112350558
28.90391361,78.79381116,2.979411099,10.6985533
9.36984553,57.32419224,3.341339263,14.15304359
7.530763997,78.3254115,9.146010549,12.12745441
23.88089977,28.58107748,2.431969286,5.16144173
27.6358265,80.24863902,8.209144007,14.92534353
12.92198481,-8.435937448,8.137471843,10.52341689
17.96890719,-11.47895987,10.27433078,8.957439508
26.52991666,61.2828157,11.67399622,2.610778667
13.96520694,7.652773766,2.481265343,3.171484887
19.92886647,62.87378179,0.372265618,12.04853815
20.77012419,3.894635324,0.292769002,3.805660866
20.85998074,8.559344161,3.938198974,14.94680822
16.43052369,67.00232053,3.069405532,3.094784193
8.804234613,17.85643777,5.673270342,13.34986234
34.34685747,9.814813046,7.327944519,6.723131285
14.39416157,79.20013756,1.094898151,16.53100549
35.19235007,44.84064617,3.247075686,4.742734563
23.03764474,34.69051638,8.031543213,20.23097243
18.88831813,77.02871076,7.923352047,17.9705502
15.55521322,62.63397975,2.481875934,6.420887705
5.311757167,2.908595104,4.492632542,29.23966571
31.36495124,14.16570683,7.207607682,7.82804621
39.40087731,53.35981854,6.676454679,5.059420384
23.43293442,46.13317019,6.611944963,4.924006408
40.86909254,-3.812595865,2.984532053,22.25018525
29.2308054,-0.489061384,17.3449144,16.75687217
41.16431453,-4.860451085,9.057652427,3.723000704
22.35532392,-1.777152636,4.427670832,4.305372248
19.20625755,6.047397863,18.37794932,12.707028
32.93425021,47.4035486,2.850413562,10.31072913
18.12251126,62.86961244,6.287376305,5.876341957
27.47411286,25.74338833,0.744875493,8.063332037
18.77680529,76.43660937,10.71921798,12.08048402
23.31950547,16.24733632,3.641606832,6.503092129
29.56749181,30.18758044,3.08672681,3.706671533
18.8164016,67.97088826,3.274694136,5.339152443
44.67273715,79.28117892,1.09082225,10.90672046
15.49664331,24.06387367,8.260789911,3.997742477
18.07700429,10.88166606,1.161114646,6.081926267
13.23098844,41.95120061,2.926778996,5.972242272
16.81151201,11.00269119,8.549911586,19.12269803
29.71791525,66.52223162,4.031067574,6.216098198
43.08642061,77.79553429,4.953449578,11.21583948
23.09967342,59.41743975,0.728822414,14.63065433
24.41563638,44.10187119,13.26496235,3.037472163
11.3299346,71.07868531,0.059918123,14.25814546
33.96207901,-2.151424194,11.08562944,5.501029881
18.05914378,87.09828296,1.137960138,5.608999251
25.65880659,-8.497795847,2.008029869,4.718061421
33.1043072,12.7688855,1.491553746,3.731937129
12.05878081,30.30902991,1.078600934,10.01096017
6.088623611,64.19697116,3.507434786,7.609522187
23.11989878,35.65944448,9.200207805,0.653981083
35.38679681,20.24785395,4.244521395,4.583443245
15.25966235,54.47780645,0.751291122,4.153012542
31.52220768,22.10013318,4.571594,10.05629642
19.97305551,0.329330039,0.338506482,3.714195228
12.81728363,53.39939553,17.12022085,19.482258
40.30954027,5.006393452,4.19623306,16.42004339
23.7940298,87.76228799,2.151841379,12.21896621
40.94269201,33.10067177,3.839378906,6.821899712
51.81899829,22.02263743,4.0748832,2.110042878
23.10592914,79.80473264,1.45370601,11.74809618
19.45845439,9.487113531,9.352317294,9.697322807
25.78035411,0.502345536,1.226715469,7.800371756
29.26333339,74.89204021,4.825687114,10.15293419
4.737312598,14.62623837,1.508289599,14.10914434
37.55761652,47.36526975,2.287209125,3.805303592
36.87931358,21.20105823,0.45690025,6.947175465
5.296643398,25.66102106,2.150998455,3.51477852
18.99378298,38.14728871,1.372291623,5.398985476
26.66915053,82.96039988,7.347303191,19.27100458
2.671893892,65.35545796,1.029694865,12.91317532
36.79578936,75.75639425,16.33887744,2.779035815
27.88255033,86.54033769,3.046708505,4.532925079
29.18526865,86.1826196,10.33934004,4.223798613
21.18620302,14.20038632,1.967389148,7.217042785
30.13024624,52.02666538,12.4614188,23.49886379
29.41665335,87.11984168,0.899130995,8.878846532
0.847589889,-2.343994019,3.24876332,12.10241927
18.24670349,13.2145461,3.497287273,10.54554831
27.23732307,10.56027125,7.424408244,8.907356592
36.64374397,28.21168074,14.83751118,5.837225048
27.49210662,53.92651082,9.027307257,6.265788995
26.47314139,32.27797317,0.303085432,8.229037405
34.00582973,34.15191089,4.491095311,1.486793577
18.23187021,15.5713806,9.147256151,9.090694846
9.85691769,15.90699461,0.959697608,7.096714144
40.24085378,38.86563705,1.187523506,10.08894348
13.49836305,42.19843346,28.33613597,18.32872594
34.55469149,-6.105125405,4.372697772,9.110518183
23.57773323,78.2111182,2.648945535,9.910498702
17.87932842,18.68746589,12.28690206,6.808390483
28.47562685,19.21684855,4.47516609,12.62145276
47.50947914,73.01204667,1.841645934,5.706970251
16.89607962,87.0897106,0.242402009,19.46133469
29.02379868,58.35691009,6.918802149,9.067798281
36.76996768,56.53709379,2.511074143,3.248992033
25.41695529,28.84123068,1.225449407,19.58308991
0.724593401,65.41119114,0.659361794,4.10306213
22.52879306,64.62835564,3.846290987,11.89013416
35.99651447,76.66732316,0.430195364,6.683463477
17.95812407,56.94870349,0.770549218,0.84770761
33.17395878,57.6369963,0.408840381,4.090425764
12.92764049,54.07625915,0.512174391,4.569614537
24.47025864,32.70035629,5.368825359,2.988700235
40.37706101,7.453947851,4.995049396,22.26346011
30.04899733,15.90766722,1.127977562,4.522399205
44.81684563,38.909075,8.309232341,7.0016308
19.6693279,39.11478339,2.252774856,8.025992132
24.2831339,-7.51584837,7.611184315,11.72323338
22.88225325,42.33517818,0.614433291,1.358684959
43.93748986,65.64645233,4.078404819,11.04509436
19.22854373,52.48330919,7.81118107,6.397339881
38.28463878,19.81423238,8.421337138,4.876157511
19.49022607,10.05396353,0.674435657,4.396734021
15.96624633,66.32622372,8.646682235,6.868736826
29.07307604,55.67082491,0.36064913,6.193914306
41.66243731,17.72415497,0.046455041,8.503892234
29.22897039,34.78410641,1.337933466,9.629346117
22.4401884,41.69292465,0.915915882,4.355281074
47.15726264,77.82783544,6.55737774,7.006865591
20.35617211,8.849136449,11.14265316,9.349879136
27.33845598,-0.688521413,1.599087489,5.752758037
35.23528046,3.238728235,7.30005132,12.16123004
42.42569498,27.30910863,1.874947743,5.280864576
27.75547395,-10.62595834,7.826526115,7.788453838
38.1390882,1.852028735,1.999585985,8.980836672
14.80379835,2.46461929,4.150771652,6.393749946
20.75770909,87.74939253,0.561549882,9.115244777
9.526011368,83.97297355,8.246189188,2.595431442
6.917969413,40.53405594,11.47952854,2.689512558
14.31952646,33.63350207,9.984746361,12.50226755
7.89679611,44.08587505,3.170296559,16.73193876
41.84869243,19.43909108,2.842958162,12.7010661
0.003330106,4.099638236,3.956447058,1.074144262
36.88666107,19.69268768,11.02233832,7.913145881
-2.573170196,71.31011182,9.841794757,10.70410719
47.2461742,48.54027134,4.3507154,14.37082689
-8.277027569,51.73879614,5.472957031,6.851417818
17.80127343,28.88074358,3.802914852,4.13888865
20.39367132,-1.978427463,2.802399786,4.147941087
50.48279203,17.64974288,19.37849547,9.103455384
26.87462971,-7.077726454,5.709403739,2.833631313
39.03709694,5.610992421,2.57821891,6.39057238
14.68279752,67.41115331,4.550891341,3.898149909
19.53198894,61.39698132,13.24095371,5.258784873
-17.21173393,79.62547286,11.83491402,7.650650124
30.55446949,70.9263506,2.712369103,14.80088544
20.8952016,77.67947825,1.432358794,6.487803628
26.99436195,39.79845092,0.503766734,10.1580968
29.29057868,-3.385139548,1.698485164,17.37330897
-0.499152793,-5.029186223,2.083762605,7.590557296
11.37650607,68.11391342,1.255156985,5.786523152
14.68802427,38.75125017,15.30153715,8.607475277
21.30194102,20.85793366,2.465499383,11.15238713
21.06709553,69.94905252,0.400691011,13.77166328
30.5583629,74.77617693,4.458559972,9.418632659
16.94331617,54.8219588,3.292739794,2.850512333
33.55076117,51.19817654,2.612419962,5.628123471
41.06712161,17.519362,3.515931291,10.52985647
42.12243281,33.80899575,0.424564052,10.18362684
21.19422471,31.23766977,4.084572396,17.2705646
26.04499924,74.749592,5.95137171,18.87134002
35.24376833,11.31670914,11.24805349,12.38764469
32.31471965,74.64691665,5.151653983,2.584033052
27.65371057,77.02204239,20.02003363,11.15313882
3.19702839,65.12842927,24.98335027,13.02790563
28.35084715,39.91617301,7.6673121,14.44102865
32.13307684,16.21474182,15.09853503,3.564076091
16.60239277,-11.18114864,10.47134934,8.58560878
44.11486705,39.25695397,7.424683504,1.307362987
5.096449007,72.27860616,11.82746141,7.547658073
12.34574237,58.66323597,16.44730282,22.38028202
32.02838213,66.43799598,4.143382692,7.653197565
15.68306712,6.868767936,9.736066199,13.45378759
-11.88639863,19.17793272,1.88429228,11.24713216
24.15286766,28.57102734,2.338752991,4.314167093
29.47179678,-0.214145205,5.645006103,1.894259781
41.55693665,54.26887587,4.621641805,10.20358639
29.11814568,13.19413058,9.911183053,12.3759014
11.02709384,30.28570303,5.304477736,4.476332523
2.760093432,74.9219085,1.191539536,4.237951973
8.912676086,12.17979012,22.4152095,3.211045641
46.51597344,-3.00872674,2.621929898,3.901210806
11.81491801,78.34964114,1.115000311,4.611531468
36.28615057,49.01480136,10.61771589,9.789752461
16.06023986,83.9966124,6.444606958,2.204324212
6.525730283,30.86693498,2.619875434,13.00747508
11.14843271,63.90992732,3.347442898,11.45280756
12.88018145,70.52489087,2.104886636,4.871582273
15.85131039,14.48338468,5.929599865,8.549598544
32.38874287,32.52007525,5.986070824,8.725536576
-7.714422883,75.05006337,0.43543023,6.768222361
23.36271317,62.45578903,4.747112063,15.87903619
29.17376978,23.00558122,6.062591006,8.686962889
21.21354493,50.61818542,18.1208684,17.3240789
7.917377679,-5.36559691,35.08194199,15.56011189
5.191602776,69.47852125,1.216519277,8.242896551
30.03265215,21.09811021,0.911014217,5.274639484
28.20447772,27.60071106,3.748114916,12.4531166
27.62509271,29.82326924,7.65111942,9.427731206
26.40628032,17.64570296,6.000243323,5.211954867
28.39218303,39.97813401,6.186211067,24.05111657
7.342919342,78.14062057,1.250361674,22.37699737
7.474313203,45.2305386,17.89144958,3.346650925
28.16089676,35.01355747,3.492285302,5.743733042
5.534282334,58.29482468,7.854037992,4.530405378
28.30725361,83.09566347,13.10841876,11.44935072
33.04469349,23.81091939,5.127558598,4.647437633
13.3636553,80.05294563,0.051813668,8.659464997
23.13436848,25.44155043,5.765725258,3.215523941
39.81230211,82.14890266,5.161695657,9.683456772
26.16531568,-0.874295587,6.106176665,2.561314146
10.44251239,75.06615006,1.817669231,5.588239261
10.4704761,-6.752413779,6.903535872,2.481791347
24.41661254,18.64709022,0.893431574,7.375678285
6.81896738,42.83540227,16.76879525,1.658155428
30.49701193,41.32612337,1.665829812,10.58461706
14.68504479,67.63984392,0.462937616,1.358452888
34.71391825,46.75210268,4.186430541,4.171953821
17.79570502,37.96140786,2.112809563,21.00424923
5.198583521,55.52215256,3.03001652,9.051191099
20.1518187,60.01518666,4.442028952,6.785390419
7.840380332,38.45707813,7.914067097,11.34107617
35.95538663,-6.411842525,0.126306459,6.908536395
9.611092143,49.71504899,8.686660891,6.119530603
18.35890222,-4.319235322,25.03890895,1.338925995
29.55490238,86.5843594,21.06951946,15.90143344
15.63189545,42.64479262,0.85266805,3.63332448
21.74711644,84.99291755,5.56688101,20.13399426
-3.595091976,3.932902647,1.867815701,13.0397221
-6.839800426,24.1492831,0.400456038,4.683941942
27.45155674,75.27584044,0.257034316,4.750138661
26.64794722,29.15164448,0.225046418,11.75477141
32.81882238,68.89400637,1.72350555,11.99799791
5.969095498,44.77952033,2.91065831,8.944379845
4.451942792,9.801836509,0.637960515,19.58874401
39.60565221,71.87242926,5.107601941,8.59600534
25.96942179,12.99797514,9.027896653,4.271464127
45.70047632,5.388258851,5.757376384,2.193973868
17.28003528,42.79610229,5.721562272,4.102052945
13.38485033,-2.252311993,0.595339684,9.786037035
15.84421725,9.297523775,0.325503132,9.339064639
46.06135689,60.93204644,1.89527448,3.25186642
16.76583592,5.878509383,7.557954723,9.517474818
8.613824142,77.55038132,0.847942603,1.417804623
22.84049531,84.21046002,3.50216098,8.916108126
15.58840542,11.10006763,14.98379622,11.058476
-7.764425846,59.70932228,14.41678561,10.65123824
16.10127571,26.79650037,6.432204316,1.736086616
14.59142575,64.53082313,9.801945183,3.962293666
21.43837725,79.44981606,4.430044014,9.754485096
22.37063227,9.736286674,8.994858047,6.669124722
30.73865879,84.26717146,2.04343233,5.06534122
25.55920417,17.03246009,3.790154895,7.797875139
12.93264628,72.6693371,7.247408596,3.628375954
-1.616907393,11.79851504,26.7958247,2.306946362
21.16192681,20.93725136,4.881905038,5.555512209
26.27095157,13.2454913,14.32167303,5.567379146
16.92766992,21.8998571,0.366159813,19.60701393
14.48363829,-7.415161131,3.011603474,7.193417264
2.541051755,40.24588732,2.299344377,3.04842455
14.27458342,15.82634175,32.03816115,7.370353865
24.5845688,14.057804,0.661694775,12.93743949
32.62320491,13.32125788,4.937475924,2.875392821
